Sample,PLATE,SAMPLE,Home/Away,ROW,COLUMN,Original Mass,Final Mass,Mass Consumed,% Consumed,Bucket,Treatment,Mass Consumed_1
589,1,ELK-4,H,F,11,0.32,0.33,-0.01,-3.125,1,Untreated,0
433,1,LH-1,A,E,2,0.34,0.33,0.01,2.941176471,1,Untreated,0.01
817,1,LH-10,A,H,10,0.39,0.36,0.03,7.692307692,1,Untreated,0.03
97,1,ELK-4,H,B,1,0.34,0.31,0.03,8.823529412,1,Untreated,0.03
313,1,ELK-2,H,D,1,0.33,0.3,0.03,9.090909091,1,Untreated,0.03
49,1,LH-6,A,A,7,0.38,0.34,0.04,10.52631579,1,Untreated,0.04
325,1,LH-3,A,D,5,0.38,0.34,0.04,10.52631579,1,Untreated,0.04
337,1,LH-1,A,D,6,0.36,0.32,0.04,11.11111111,1,Untreated,0.04
553,1,LH-3,A,F,8,0.38,0.33,0.05,13.15789474,1,Untreated,0.05
289,1,ELK-6,H,C,10,0.38,0.33,0.05,13.15789474,1,Untreated,0.05
505,1,ELK-3,H,F,2,0.4,0.35,0.05,12.5,1,Untreated,0.05
601,1,ELK-9,H,G,1,0.39,0.34,0.05,12.82051282,1,Untreated,0.05
793,1,ELK-6,H,H,8,0.34,0.29,0.05,14.70588235,1,Untreated,0.05
13,1,LH-4,A,A,3,0.39,0.33,0.06,15.38461538,1,Untreated,0.06
373,1,LH-2,A,D,9,0.34,0.28,0.06,17.64705882,1,Untreated,0.06
697,1,LH-5,A,G,9,0.36,0.3,0.06,16.66666667,1,Untreated,0.06
361,1,ELK-5,H,D,8,0.4,0.34,0.06,15,1,Untreated,0.06
469,1,ELK-4,H,E,7,0.38,0.32,0.06,15.78947368,1,Untreated,0.06
229,1,LH-4,A,C,4,0.39,0.32,0.07,17.94871795,1,Untreated,0.07
241,1,LH-6,A,C,5,0.39,0.32,0.07,17.94871795,1,Untreated,0.07
385,1,LH-2,A,D,10,0.38,0.31,0.07,18.42105263,1,Untreated,0.07
565,1,LH-4,A,F,9,0.39,0.32,0.07,17.94871795,1,Untreated,0.07
685,1,LH-10,A,G,8,0.37,0.3,0.07,18.91891892,1,Untreated,0.07
805,1,LH-2,A,H,9,0.41,0.34,0.07,17.07317073,1,Untreated,0.07
445,1,ELK-3,H,E,3,0.37,0.3,0.07,18.91891892,1,Untreated,0.07
518,1,ELK-9,H,F,3,0.37,0.3,0.07,18.91891892,1,Untreated,0.07
661,1,ELK-2,H,G,6,0.4,0.33,0.07,17.5,1,Untreated,0.07
829,1,ELK-5,H,H,12,0.41,0.34,0.07,17.07317073,1,Untreated,0.07
109,1,LH-10,A,B,4,0.4,0.32,0.08,20,1,Untreated,0.08
157,1,LH-8,A,B,9,0.4,0.32,0.08,20,1,Untreated,0.08
265,1,LH-5,A,C,7,0.34,0.26,0.08,23.52941176,1,Untreated,0.08
457,1,LH-3,A,E,6,0.41,0.33,0.08,19.51219512,1,Untreated,0.08
541,1,LH-7,A,F,6,0.43,0.35,0.08,18.60465116,1,Untreated,0.08
733,1,LH-1,A,G,12,0.33,0.25,0.08,24.24242424,1,Untreated,0.08
61,1,CONTROL,C,A,9,0.38,0.3,0.08,21.05263158,1,Untreated,0.08
253,1,CONTROL,C,C,6,0.33,0.25,0.08,24.24242424,1,Untreated,0.08
73,1,ELK-8,H,A,10,0.34,0.26,0.08,23.52941176,1,Untreated,0.08
277,1,ELK-8,H,C,8,0.42,0.34,0.08,19.04761905,1,Untreated,0.08
757,1,ELK-8,H,H,5,0.38,0.3,0.08,21.05263158,1,Untreated,0.08
193,1,LH-8,A,B,12,0.38,0.29,0.09,23.68421053,1,Untreated,0.09
301,1,LH-7,A,C,11,0.43,0.34,0.09,20.93023256,1,Untreated,0.09
769,1,LH-9,A,H,6,0.4,0.31,0.09,22.5,1,Untreated,0.09
1,1,CONTROL,C,A,2,0.39,0.3,0.09,23.07692308,1,Untreated,0.09
577,1,CONTROL,C,F,10,0.39,0.3,0.09,23.07692308,1,Untreated,0.09
37,1,ELK-7,H,A,6,0.36,0.27,0.09,25,1,Untreated,0.09
145,1,ELK-5,H,B,8,0.35,0.26,0.09,25.71428571,1,Untreated,0.09
637,1,ELK-7,H,G,4,0.42,0.33,0.09,21.42857143,1,Untreated,0.09
649,1,ELK-7,H,G,5,0.4,0.31,0.09,22.5,1,Untreated,0.09
133,1,LH-6,A,B,7,0.41,0.31,0.1,24.3902439,1,Untreated,0.1
121,1,CONTROL,C,B,6,0.4,0.3,0.1,25,1,Untreated,0.1
181,1,ELK-3,H,B,11,0.41,0.31,0.1,24.3902439,1,Untreated,0.1
205,1,ELK-9,H,C,2,0.4,0.3,0.1,25,1,Untreated,0.1
409,1,ELK-2,H,D,12,0.41,0.31,0.1,24.3902439,1,Untreated,0.1
529,1,ELK-10,H,F,4,0.36,0.26,0.1,27.77777778,1,Untreated,0.1
721,1,ELK-10,H,G,11,0.37,0.27,0.1,27.02702703,1,Untreated,0.1
25,1,LH-9,A,A,5,0.39,0.28,0.11,28.20512821,1,Untreated,0.11
397,1,LH-5,A,D,11,0.41,0.3,0.11,26.82926829,1,Untreated,0.11
673,1,LH-7,A,G,7,0.43,0.32,0.11,25.58139535,1,Untreated,0.11
421,1,CONTROL,C,E,1,0.34,0.23,0.11,32.35294118,1,Untreated,0.11
169,1,ELK-1,H,B,10,0.39,0.28,0.11,28.20512821,1,Untreated,0.11
481,1,ELK-1,H,E,9,0.39,0.28,0.11,28.20512821,1,Untreated,0.11
625,1,ELK-1,H,G,3,0.39,0.28,0.11,28.20512821,1,Untreated,0.11
745,1,ELK-6,H,H,3,0.39,0.28,0.11,28.20512821,1,Untreated,0.11
217,1,LH-9,A,C,3,0.4,0.28,0.12,30,1,Untreated,0.12
709,1,CONTROL,C,G,10,0.41,0.29,0.12,29.26829268,1,Untreated,0.12
781,1,LH-8,A,H,7,0.45,0.32,0.13,28.88888889,1,Untreated,0.13
85,1,CONTROL,C,A,11,0.39,0.26,0.13,33.33333333,1,Untreated,0.13
493,1,CONTROL,C,E,11,0.38,0.24,0.14,36.84210526,1,Untreated,0.14
349,1,ELK-10,H,D,7,0.45,0.31,0.14,31.11111111,1,Untreated,0.14
613,1,CONTROL,C,G,2,0.39,0.21,0.18,46.15384615,1,Untreated,0.18
362,2,ELK-5,H,D,8,0.36,0.35,0.01,2.777777778,1,Untreated,0.01
806,2,LH-2,A,H,9,0.37,0.33,0.04,10.81081081,1,Untreated,0.04
818,2,LH-10,A,H,10,0.37,0.33,0.04,10.81081081,1,Untreated,0.04
182,2,ELK-3,H,B,11,0.36,0.32,0.04,11.11111111,1,Untreated,0.04
746,2,ELK-6,H,H,3,0.38,0.34,0.04,10.52631579,1,Untreated,0.04
770,2,LH-9,A,H,6,0.35,0.3,0.05,14.28571429,1,Untreated,0.05
758,2,ELK-8,H,H,5,0.33,0.28,0.05,15.15151515,1,Untreated,0.05
830,2,ELK-5,H,H,12,0.36,0.31,0.05,13.88888889,1,Untreated,0.05
782,2,LH-8,A,H,7,0.39,0.33,0.06,15.38461538,1,Untreated,0.06
278,2,ELK-8,H,C,8,0.36,0.3,0.06,16.66666667,1,Untreated,0.06
530,2,ELK-10,H,F,4,0.36,0.3,0.06,16.66666667,1,Untreated,0.06
638,2,ELK-7,H,G,4,0.36,0.3,0.06,16.66666667,1,Untreated,0.06
434,2,ELK-3,H,E,2,0.4,0.33,0.07,17.5,1,Untreated,0.07
590,2,ELK-4,H,F,11,0.39,0.32,0.07,17.94871795,1,Untreated,0.07
626,2,ELK-1,H,G,3,0.33,0.26,0.07,21.21212121,1,Untreated,0.07
302,2,LH-7,A,C,11,0.42,0.34,0.08,19.04761905,1,Untreated,0.08
374,2,LH-2,A,D,9,0.35,0.27,0.08,22.85714286,1,Untreated,0.08
674,2,LH-7,A,G,7,0.39,0.31,0.08,20.51282051,1,Untreated,0.08
734,2,LH-1,A,G,12,0.41,0.33,0.08,19.51219512,1,Untreated,0.08
98,2,ELK-4,H,B,1,0.37,0.29,0.08,21.62162162,1,Untreated,0.08
146,2,ELK-5,H,B,8,0.37,0.29,0.08,21.62162162,1,Untreated,0.08
662,2,ELK-7,H,G,6,0.39,0.31,0.08,20.51282051,1,Untreated,0.08
794,2,ELK-6,H,H,8,0.39,0.31,0.08,20.51282051,1,Untreated,0.08
242,2,LH-6,A,C,5,0.41,0.32,0.09,21.95121951,1,Untreated,0.09
326,2,LH-3,A,D,5,0.38,0.29,0.09,23.68421053,1,Untreated,0.09
386,2,LH-2,A,D,10,0.36,0.27,0.09,25,1,Untreated,0.09
446,2,LH-1,A,E,3,0.4,0.31,0.09,22.5,1,Untreated,0.09
542,2,LH-7,A,F,6,0.35,0.26,0.09,25.71428571,1,Untreated,0.09
686,2,LH-10,A,G,8,0.36,0.27,0.09,25,1,Untreated,0.09
38,2,ELK-7,H,A,6,0.38,0.29,0.09,23.68421053,1,Untreated,0.09
170,2,ELK-1,H,B,10,0.36,0.27,0.09,25,1,Untreated,0.09
410,2,ELK-2,H,D,12,0.37,0.28,0.09,24.32432432,1,Untreated,0.09
470,2,ELK-4,H,E,7,0.38,0.29,0.09,23.68421053,1,Untreated,0.09
506,2,ELK-3,H,F,2,0.34,0.25,0.09,26.47058824,1,Untreated,0.09
602,2,ELK-9,H,G,1,0.37,0.28,0.09,24.32432432,1,Untreated,0.09
566,2,LH-4,A,F,9,0.4,0.3,0.1,25,1,Untreated,0.1
62,2,CONTROL,C,A,9,0.37,0.27,0.1,27.02702703,1,Untreated,0.1
254,2,CONTROL,C,C,6,0.39,0.29,0.1,25.64102564,1,Untreated,0.1
206,2,ELK-9,H,C,2,0.4,0.3,0.1,25,1,Untreated,0.1
290,2,ELK-6,H,C,10,0.41,0.31,0.1,24.3902439,1,Untreated,0.1
650,2,ELK-2,H,G,5,0.37,0.27,0.1,27.02702703,1,Untreated,0.1
722,2,ELK-10,H,G,11,0.42,0.32,0.1,23.80952381,1,Untreated,0.1
110,2,LH-10,A,B,4,0.41,0.3,0.11,26.82926829,1,Untreated,0.11
266,2,LH-5,A,C,7,0.41,0.3,0.11,26.82926829,1,Untreated,0.11
698,2,LH-5,A,G,9,0.41,0.3,0.11,26.82926829,1,Untreated,0.11
74,2,ELK-8,H,A,10,0.35,0.24,0.11,31.42857143,1,Untreated,0.11
26,2,LH-9,A,A,5,0.43,0.31,0.12,27.90697674,1,Untreated,0.12
338,2,LH-1,A,D,6,0.4,0.28,0.12,30,1,Untreated,0.12
554,2,LH-3,A,F,8,0.4,0.28,0.12,30,1,Untreated,0.12
122,2,CONTROL,C,B,6,0.39,0.27,0.12,30.76923077,1,Untreated,0.12
422,2,CONTROL,C,E,1,0.35,0.23,0.12,34.28571429,1,Untreated,0.12
578,2,CONTROL,C,F,10,0.4,0.28,0.12,30,1,Untreated,0.12
614,2,CONTROL,C,G,2,0.39,0.27,0.12,30.76923077,1,Untreated,0.12
158,2,LH-8,A,B,9,0.36,0.23,0.13,36.11111111,1,Untreated,0.13
230,2,LH-4,A,C,4,0.41,0.28,0.13,31.70731707,1,Untreated,0.13
314,2,ELK-2,H,D,1,0.35,0.22,0.13,37.14285714,1,Untreated,0.13
519,2,ELK-9,H,F,3,0.39,0.26,0.13,33.33333333,1,Untreated,0.13
134,2,LH-6,A,B,7,0.31,0.17,0.14,45.16129032,1,Untreated,0.14
218,2,LH-9,A,C,3,0.42,0.28,0.14,33.33333333,1,Untreated,0.14
398,2,LH-5,A,D,11,0.4,0.26,0.14,35,1,Untreated,0.14
482,2,ELK-1,H,E,9,0.41,0.27,0.14,34.14634146,1,Untreated,0.14
458,2,LH-3,A,E,6,0.42,0.27,0.15,35.71428571,1,Untreated,0.15
86,2,CONTROL,C,A,11,0.41,0.26,0.15,36.58536585,1,Untreated,0.15
194,2,LH-8,A,B,12,0.42,0.26,0.16,38.0952381,1,Untreated,0.16
350,2,ELK-10,H,D,7,0.3,0.14,0.16,53.33333333,1,Untreated,0.16
2,2,CONTROL,C,A,2,0.4,0.23,0.17,42.5,1,Untreated,0.17
494,2,CONTROL,C,E,11,0.44,0.27,0.17,38.63636364,1,Untreated,0.17
710,2,CONTROL,C,G,10,0.38,0.19,0.19,50,1,Untreated,0.19
14,2,LH-4,A,A,3,0.37,N/A,N/A,N/A,1,Untreated,N/A
50,2,LH-6,A,A,7,0.42,N/A,N/A,N/A,1,Untreated,N/A
339,3,LH-1,A,D,6,0.36,0.37,-0.01,-2.777777778,2,Antibiotic Treated,0
435,3,LH-1,A,E,2,0.34,0.35,-0.01,-2.941176471,2,Antibiotic Treated,0
159,3,LH-8,A,B,9,0.36,0.36,0,0,2,Antibiotic Treated,0
567,3,LH-4,A,F,9,0.38,0.38,0,0,2,Antibiotic Treated,0
111,3,LH-10,A,B,4,0.37,0.36,0.01,2.702702703,2,Antibiotic Treated,0.01
135,3,LH-6,A,B,7,0.37,0.36,0.01,2.702702703,2,Antibiotic Treated,0.01
195,3,LH-8,A,B,12,0.37,0.36,0.01,2.702702703,2,Antibiotic Treated,0.01
219,3,LH-9,A,C,3,0.34,0.33,0.01,2.941176471,2,Antibiotic Treated,0.01
243,3,LH-6,A,C,5,0.38,0.37,0.01,2.631578947,2,Antibiotic Treated,0.01
543,3,LH-7,A,F,6,0.38,0.37,0.01,2.631578947,2,Antibiotic Treated,0.01
699,3,LH-5,A,G,9,0.31,0.3,0.01,3.225806452,2,Antibiotic Treated,0.01
147,3,ELK-5,H,B,8,0.35,0.34,0.01,2.857142857,2,Antibiotic Treated,0.01
171,3,ELK-1,H,B,10,0.38,0.37,0.01,2.631578947,2,Antibiotic Treated,0.01
183,3,ELK-3,H,B,11,0.36,0.35,0.01,2.777777778,2,Antibiotic Treated,0.01
483,3,ELK-1,H,E,9,0.29,0.28,0.01,3.448275862,2,Antibiotic Treated,0.01
507,3,ELK-3,H,F,2,0.4,0.39,0.01,2.5,2,Antibiotic Treated,0.01
375,3,LH-2,A,D,9,0.34,0.32,0.02,5.882352941,2,Antibiotic Treated,0.02
387,3,LH-2,A,D,10,0.38,0.36,0.02,5.263157895,2,Antibiotic Treated,0.02
687,3,LH-10,A,G,8,0.37,0.35,0.02,5.405405405,2,Antibiotic Treated,0.02
291,3,ELK-6,H,C,10,0.33,0.31,0.02,6.060606061,2,Antibiotic Treated,0.02
363,3,ELK-5,H,D,8,0.32,0.3,0.02,6.25,2,Antibiotic Treated,0.02
471,3,ELK-4,H,E,7,0.36,0.34,0.02,5.555555556,2,Antibiotic Treated,0.02
603,3,ELK-9,H,G,1,0.37,0.35,0.02,5.405405405,2,Antibiotic Treated,0.02
651,3,ELK-7,H,G,5,0.38,0.36,0.02,5.263157895,2,Antibiotic Treated,0.02
759,3,ELK-8,H,H,5,0.38,0.36,0.02,5.263157895,2,Antibiotic Treated,0.02
231,3,LH-4,A,C,4,0.41,0.38,0.03,7.317073171,2,Antibiotic Treated,0.03
327,3,LH-3,A,D,5,0.32,0.29,0.03,9.375,2,Antibiotic Treated,0.03
399,3,LH-5,A,D,11,0.37,0.34,0.03,8.108108108,2,Antibiotic Treated,0.03
459,3,LH-3,A,E,6,0.31,0.28,0.03,9.677419355,2,Antibiotic Treated,0.03
99,3,ELK-4,H,B,1,0.36,0.33,0.03,8.333333333,2,Antibiotic Treated,0.03
591,3,ELK-4,H,F,11,0.36,0.33,0.03,8.333333333,2,Antibiotic Treated,0.03
639,3,ELK-7,H,G,4,0.35,0.32,0.03,8.571428571,2,Antibiotic Treated,0.03
831,3,ELK-5,H,H,12,0.29,0.26,0.03,10.34482759,2,Antibiotic Treated,0.03
555,3,LH-3,A,F,8,0.35,0.31,0.04,11.42857143,2,Antibiotic Treated,0.04
783,3,LH-8,A,H,7,0.34,0.3,0.04,11.76470588,2,Antibiotic Treated,0.04
520,3,ELK-9,H,F,3,0.36,0.32,0.04,11.11111111,2,Antibiotic Treated,0.04
747,3,ELK-6,H,H,3,0.37,0.33,0.04,10.81081081,2,Antibiotic Treated,0.04
267,3,LH-5,A,C,7,0.4,0.35,0.05,12.5,2,Antibiotic Treated,0.05
807,3,LH-2,A,H,9,0.38,0.33,0.05,13.15789474,2,Antibiotic Treated,0.05
123,3,CONTROL,C,B,6,0.38,0.33,0.05,13.15789474,2,Antibiotic Treated,0.05
495,3,CONTROL,C,E,11,0.37,0.32,0.05,13.51351351,2,Antibiotic Treated,0.05
39,3,ELK-7,H,A,6,0.4,0.35,0.05,12.5,2,Antibiotic Treated,0.05
351,3,ELK-10,H,D,7,0.37,0.32,0.05,13.51351351,2,Antibiotic Treated,0.05
447,3,ELK-3,H,E,3,0.32,0.27,0.05,15.625,2,Antibiotic Treated,0.05
795,3,ELK-6,H,H,8,0.38,0.33,0.05,13.15789474,2,Antibiotic Treated,0.05
51,3,LH-6,A,A,7,0.32,0.26,0.06,18.75,2,Antibiotic Treated,0.06
303,3,LH-7,A,C,11,0.37,0.31,0.06,16.21621622,2,Antibiotic Treated,0.06
675,3,LH-7,A,G,7,0.42,0.36,0.06,14.28571429,2,Antibiotic Treated,0.06
735,3,LH-1,A,G,12,0.4,0.34,0.06,15,2,Antibiotic Treated,0.06
63,3,CONTROL,C,A,9,0.36,0.3,0.06,16.66666667,2,Antibiotic Treated,0.06
75,3,ELK-8,H,A,10,0.38,0.32,0.06,15.78947368,2,Antibiotic Treated,0.06
531,3,ELK-10,H,F,4,0.42,0.36,0.06,14.28571429,2,Antibiotic Treated,0.06
663,3,ELK-2,H,G,6,0.38,0.32,0.06,15.78947368,2,Antibiotic Treated,0.06
723,3,ELK-10,H,G,11,0.39,0.33,0.06,15.38461538,2,Antibiotic Treated,0.06
15,3,LH-4,A,A,3,0.4,0.33,0.07,17.5,2,Antibiotic Treated,0.07
771,3,LH-9,A,H,6,0.41,0.34,0.07,17.07317073,2,Antibiotic Treated,0.07
819,3,LH-10,A,H,10,0.39,0.32,0.07,17.94871795,2,Antibiotic Treated,0.07
207,3,ELK-9,H,C,2,0.39,0.32,0.07,17.94871795,2,Antibiotic Treated,0.07
315,3,ELK-2,H,D,1,0.4,0.33,0.07,17.5,2,Antibiotic Treated,0.07
411,3,ELK-2,H,D,12,0.39,0.32,0.07,17.94871795,2,Antibiotic Treated,0.07
627,3,ELK-1,H,G,3,0.39,0.32,0.07,17.94871795,2,Antibiotic Treated,0.07
3,3,CONTROL,C,A,2,0.33,0.25,0.08,24.24242424,2,Antibiotic Treated,0.08
423,3,CONTROL,C,E,1,0.4,0.32,0.08,20,2,Antibiotic Treated,0.08
579,3,CONTROL,C,F,10,0.41,0.33,0.08,19.51219512,2,Antibiotic Treated,0.08
711,3,CONTROL,C,G,10,0.37,0.29,0.08,21.62162162,2,Antibiotic Treated,0.08
27,3,LH-9,A,A,5,0.42,0.33,0.09,21.42857143,2,Antibiotic Treated,0.09
255,3,CONTROL,C,C,6,0.39,0.3,0.09,23.07692308,2,Antibiotic Treated,0.09
615,3,CONTROL,C,G,2,0.37,0.27,0.1,27.02702703,2,Antibiotic Treated,0.1
87,3,CONTROL,C,A,11,0.38,0.27,0.11,28.94736842,2,Antibiotic Treated,0.11
279,3,ELK-8,H,C,8,0.38,0.21,0.17,44.73684211,2,Antibiotic Treated,0.17
280,4,ELK-8,H,C,8,0.34,0.32,0.02,5.882352941,2,Antibiotic Treated,0.02
112,4,LH-10,A,B,4,0.36,0.33,0.03,8.333333333,2,Antibiotic Treated,0.03
136,4,LH-6,A,B,7,0.38,0.35,0.03,7.894736842,2,Antibiotic Treated,0.03
160,4,LH-8,A,B,9,0.3,0.27,0.03,10,2,Antibiotic Treated,0.03
808,4,LH-2,A,H,9,0.4,0.37,0.03,7.5,2,Antibiotic Treated,0.03
604,4,ELK-9,H,G,1,0.36,0.33,0.03,8.333333333,2,Antibiotic Treated,0.03
760,4,ELK-8,H,H,5,0.35,0.32,0.03,8.571428571,2,Antibiotic Treated,0.03
376,4,LH-2,A,D,9,0.32,0.28,0.04,12.5,2,Antibiotic Treated,0.04
436,4,LH-1,A,E,2,0.34,0.3,0.04,11.76470588,2,Antibiotic Treated,0.04
544,4,LH-7,A,F,6,0.41,0.37,0.04,9.756097561,2,Antibiotic Treated,0.04
676,4,LH-7,A,G,7,0.35,0.31,0.04,11.42857143,2,Antibiotic Treated,0.04
688,4,LH-10,A,G,8,0.36,0.32,0.04,11.11111111,2,Antibiotic Treated,0.04
292,4,ELK-6,H,C,10,0.38,0.34,0.04,10.52631579,2,Antibiotic Treated,0.04
472,4,ELK-4,H,E,7,0.38,0.34,0.04,10.52631579,2,Antibiotic Treated,0.04
521,4,ELK-9,H,F,3,0.35,0.31,0.04,11.42857143,2,Antibiotic Treated,0.04
640,4,ELK-7,H,G,4,0.39,0.35,0.04,10.25641026,2,Antibiotic Treated,0.04
328,4,LH-3,A,D,5,0.4,0.35,0.05,12.5,2,Antibiotic Treated,0.05
340,4,LH-1,A,D,6,0.38,0.33,0.05,13.15789474,2,Antibiotic Treated,0.05
460,4,LH-3,A,E,6,0.39,0.34,0.05,12.82051282,2,Antibiotic Treated,0.05
556,4,LH-3,A,F,8,0.39,0.34,0.05,12.82051282,2,Antibiotic Treated,0.05
820,4,LH-10,A,H,10,0.38,0.33,0.05,13.15789474,2,Antibiotic Treated,0.05
64,4,CONTROL,C,A,9,0.36,0.31,0.05,13.88888889,2,Antibiotic Treated,0.05
508,4,ELK-3,H,F,2,0.39,0.34,0.05,12.82051282,2,Antibiotic Treated,0.05
628,4,ELK-1,H,G,3,0.35,0.3,0.05,14.28571429,2,Antibiotic Treated,0.05
724,4,ELK-10,H,G,11,0.37,0.32,0.05,13.51351351,2,Antibiotic Treated,0.05
52,4,LH-6,A,A,7,0.4,0.34,0.06,15,2,Antibiotic Treated,0.06
244,4,LH-6,A,C,5,0.38,0.32,0.06,15.78947368,2,Antibiotic Treated,0.06
772,4,LH-9,A,H,6,0.38,0.32,0.06,15.78947368,2,Antibiotic Treated,0.06
784,4,LH-8,A,H,7,0.39,0.33,0.06,15.38461538,2,Antibiotic Treated,0.06
712,4,CONTROL,C,G,10,0.37,0.31,0.06,16.21621622,2,Antibiotic Treated,0.06
76,4,ELK-8,H,A,10,0.35,0.29,0.06,17.14285714,2,Antibiotic Treated,0.06
100,4,ELK-4,H,B,1,0.37,0.31,0.06,16.21621622,2,Antibiotic Treated,0.06
148,4,ELK-5,H,B,8,0.37,0.31,0.06,16.21621622,2,Antibiotic Treated,0.06
352,4,ELK-10,H,D,7,0.37,0.31,0.06,16.21621622,2,Antibiotic Treated,0.06
364,4,ELK-5,H,D,8,0.37,0.31,0.06,16.21621622,2,Antibiotic Treated,0.06
532,4,ELK-10,H,F,4,0.36,0.3,0.06,16.66666667,2,Antibiotic Treated,0.06
664,4,ELK-2,H,G,6,0.36,0.3,0.06,16.66666667,2,Antibiotic Treated,0.06
196,4,LH-8,A,B,12,0.38,0.31,0.07,18.42105263,2,Antibiotic Treated,0.07
220,4,LH-9,A,C,3,0.4,0.33,0.07,17.5,2,Antibiotic Treated,0.07
232,4,LH-4,A,C,4,0.39,0.32,0.07,17.94871795,2,Antibiotic Treated,0.07
268,4,LH-5,A,C,7,0.4,0.33,0.07,17.5,2,Antibiotic Treated,0.07
304,4,LH-7,A,C,11,0.41,0.34,0.07,17.07317073,2,Antibiotic Treated,0.07
400,4,LH-5,A,D,11,0.41,0.34,0.07,17.07317073,2,Antibiotic Treated,0.07
484,4,ELK-1,H,E,9,0.4,0.33,0.07,17.5,2,Antibiotic Treated,0.07
592,4,ELK-4,H,F,11,0.38,0.31,0.07,18.42105263,2,Antibiotic Treated,0.07
652,4,ELK-7,H,G,5,0.37,0.3,0.07,18.91891892,2,Antibiotic Treated,0.07
748,4,ELK-6,H,H,3,0.4,0.33,0.07,17.5,2,Antibiotic Treated,0.07
568,4,LH-4,A,F,9,0.38,0.3,0.08,21.05263158,2,Antibiotic Treated,0.08
88,4,CONTROL,C,A,11,0.37,0.29,0.08,21.62162162,2,Antibiotic Treated,0.08
616,4,CONTROL,C,G,2,0.38,0.3,0.08,21.05263158,2,Antibiotic Treated,0.08
40,4,ELK-7,H,A,6,0.39,0.31,0.08,20.51282051,2,Antibiotic Treated,0.08
184,4,ELK-3,H,B,11,0.42,0.34,0.08,19.04761905,2,Antibiotic Treated,0.08
796,4,ELK-6,H,H,8,0.36,0.28,0.08,22.22222222,2,Antibiotic Treated,0.08
16,4,LH-4,A,A,3,0.4,0.31,0.09,22.5,2,Antibiotic Treated,0.09
124,4,CONTROL,C,B,6,0.4,0.31,0.09,22.5,2,Antibiotic Treated,0.09
412,4,ELK-2,H,D,12,0.4,0.31,0.09,22.5,2,Antibiotic Treated,0.09
448,4,ELK-3,H,E,3,0.39,0.3,0.09,23.07692308,2,Antibiotic Treated,0.09
700,4,LH-5,A,G,9,0.42,0.32,0.1,23.80952381,2,Antibiotic Treated,0.1
736,4,LH-1,A,G,12,0.41,0.31,0.1,24.3902439,2,Antibiotic Treated,0.1
4,4,CONTROL,C,A,2,0.4,0.3,0.1,25,2,Antibiotic Treated,0.1
496,4,CONTROL,C,E,11,0.39,0.29,0.1,25.64102564,2,Antibiotic Treated,0.1
172,4,ELK-1,H,B,10,0.4,0.3,0.1,25,2,Antibiotic Treated,0.1
208,4,ELK-9,H,C,2,0.39,0.29,0.1,25.64102564,2,Antibiotic Treated,0.1
316,4,ELK-2,H,D,1,0.42,0.32,0.1,23.80952381,2,Antibiotic Treated,0.1
28,4,LH-9,A,A,5,0.39,0.28,0.11,28.20512821,2,Antibiotic Treated,0.11
388,4,LH-2,A,D,10,0.46,0.34,0.12,26.08695652,2,Antibiotic Treated,0.12
424,4,CONTROL,C,E,1,0.38,0.26,0.12,31.57894737,2,Antibiotic Treated,0.12
832,4,ELK-5,H,H,12,0.39,0.27,0.12,30.76923077,2,Antibiotic Treated,0.12
256,4,CONTROL,C,C,6,0.43,0.28,0.15,34.88372093,2,Antibiotic Treated,0.15
580,4,CONTROL,C,F,10,0.42,0.26,0.16,38.0952381,2,Antibiotic Treated,0.16
653,5,ELK-7,H,G,5,0.34,0.33,0.01,2.941176471,3,Untreated,0.01
305,5,LH-7,A,C,11,0.34,0.32,0.02,5.882352941,3,Untreated,0.02
545,5,LH-7,A,F,6,0.35,0.33,0.02,5.714285714,3,Untreated,0.02
677,5,LH-7,A,G,7,0.34,0.31,0.03,8.823529412,3,Untreated,0.03
821,5,LH-10,A,H,10,0.31,0.28,0.03,9.677419355,3,Untreated,0.03
593,5,ELK-4,H,F,11,0.35,0.32,0.03,8.571428571,3,Untreated,0.03
557,5,LH-3,A,F,8,0.38,0.34,0.04,10.52631579,3,Untreated,0.04
341,5,LH-1,A,D,6,0.34,0.29,0.05,14.70588235,3,Untreated,0.05
437,5,LH-1,A,E,2,0.36,0.31,0.05,13.88888889,3,Untreated,0.05
617,5,CONTROL,C,G,2,0.37,0.32,0.05,13.51351351,3,Untreated,0.05
41,5,ELK-7,H,A,6,0.39,0.34,0.05,12.82051282,3,Untreated,0.05
761,5,ELK-8,H,H,5,0.35,0.3,0.05,14.28571429,3,Untreated,0.05
833,5,ELK-5,H,H,12,0.38,0.33,0.05,13.15789474,3,Untreated,0.05
785,5,LH-8,A,H,7,0.3,0.24,0.06,20,3,Untreated,0.06
257,5,CONTROL,C,C,6,0.35,0.29,0.06,17.14285714,3,Untreated,0.06
581,5,CONTROL,C,F,10,0.39,0.33,0.06,15.38461538,3,Untreated,0.06
185,5,ELK-3,H,B,11,0.37,0.31,0.06,16.21621622,3,Untreated,0.06
209,5,ELK-9,H,C,2,0.38,0.32,0.06,15.78947368,3,Untreated,0.06
797,5,ELK-6,H,H,8,0.36,0.3,0.06,16.66666667,3,Untreated,0.06
701,5,LH-5,A,G,9,0.37,0.3,0.07,18.91891892,3,Untreated,0.07
773,5,LH-9,A,H,6,0.41,0.34,0.07,17.07317073,3,Untreated,0.07
713,5,CONTROL,C,G,10,0.37,0.3,0.07,18.91891892,3,Untreated,0.07
725,5,ELK-10,H,G,11,0.39,0.32,0.07,17.94871795,3,Untreated,0.07
137,5,LH-6,A,B,7,0.38,0.3,0.08,21.05263158,3,Untreated,0.08
221,5,LH-9,A,C,3,0.33,0.25,0.08,24.24242424,3,Untreated,0.08
245,5,LH-6,A,C,5,0.4,0.32,0.08,20,3,Untreated,0.08
737,5,LH-1,A,G,12,0.4,0.32,0.08,20,3,Untreated,0.08
809,5,LH-2,A,H,9,0.38,0.3,0.08,21.05263158,3,Untreated,0.08
497,5,CONTROL,C,E,11,0.39,0.31,0.08,20.51282051,3,Untreated,0.08
293,5,ELK-6,H,C,10,0.37,0.29,0.08,21.62162162,3,Untreated,0.08
353,5,ELK-10,H,D,7,0.39,0.31,0.08,20.51282051,3,Untreated,0.08
473,5,ELK-4,H,E,7,0.38,0.3,0.08,21.05263158,3,Untreated,0.08
509,5,ELK-3,H,F,2,0.4,0.32,0.08,20,3,Untreated,0.08
749,5,ELK-6,H,H,3,0.37,0.29,0.08,21.62162162,3,Untreated,0.08
17,5,LH-4,A,A,3,0.37,0.28,0.09,24.32432432,3,Untreated,0.09
233,5,LH-4,A,C,4,0.39,0.3,0.09,23.07692308,3,Untreated,0.09
269,5,LH-5,A,C,7,0.39,0.3,0.09,23.07692308,3,Untreated,0.09
401,5,LH-5,A,D,11,0.39,0.3,0.09,23.07692308,3,Untreated,0.09
77,5,ELK-8,H,A,10,0.39,0.3,0.09,23.07692308,3,Untreated,0.09
485,5,ELK-1,H,E,9,0.34,0.25,0.09,26.47058824,3,Untreated,0.09
522,5,ELK-9,H,F,3,0.39,0.3,0.09,23.07692308,3,Untreated,0.09
641,5,ELK-7,H,G,4,0.38,0.29,0.09,23.68421053,3,Untreated,0.09
665,5,ELK-2,H,G,6,0.37,0.28,0.09,24.32432432,3,Untreated,0.09
689,5,LH-10,A,G,8,0.39,0.29,0.1,25.64102564,3,Untreated,0.1
53,5,LH-6,A,A,7,0.45,0.34,0.11,24.44444444,3,Untreated,0.11
329,5,LH-3,A,D,5,0.4,0.29,0.11,27.5,3,Untreated,0.11
377,5,LH-2,A,D,9,0.41,0.3,0.11,26.82926829,3,Untreated,0.11
65,5,CONTROL,C,A,9,0.39,0.28,0.11,28.20512821,3,Untreated,0.11
101,5,ELK-4,H,B,1,0.42,0.31,0.11,26.19047619,3,Untreated,0.11
29,5,LH-9,A,A,5,0.4,0.28,0.12,30,3,Untreated,0.12
125,5,CONTROL,C,B,6,0.36,0.24,0.12,33.33333333,3,Untreated,0.12
149,5,ELK-5,H,B,8,0.42,0.3,0.12,28.57142857,3,Untreated,0.12
365,5,ELK-5,H,D,8,0.41,0.29,0.12,29.26829268,3,Untreated,0.12
629,5,ELK-1,H,G,3,0.42,0.3,0.12,28.57142857,3,Untreated,0.12
569,5,LH-4,A,F,9,0.38,0.25,0.13,34.21052632,3,Untreated,0.13
425,5,CONTROL,C,E,1,0.41,0.28,0.13,31.70731707,3,Untreated,0.13
533,5,ELK-10,H,F,4,0.42,0.29,0.13,30.95238095,3,Untreated,0.13
605,5,ELK-9,H,G,1,0.43,0.3,0.13,30.23255814,3,Untreated,0.13
461,5,LH-3,A,E,6,0.38,0.24,0.14,36.84210526,3,Untreated,0.14
5,5,CONTROL,C,A,2,0.39,0.25,0.14,35.8974359,3,Untreated,0.14
413,5,ELK-2,H,D,12,0.42,0.27,0.15,35.71428571,3,Untreated,0.15
113,5,LH-10,A,B,4,0.37,0.21,0.16,43.24324324,3,Untreated,0.16
449,5,ELK-3,H,E,3,0.44,0.28,0.16,36.36363636,3,Untreated,0.16
161,5,LH-8,A,B,9,0.4,0.23,0.17,42.5,3,Untreated,0.17
173,5,ELK-1,H,B,10,0.42,0.25,0.17,40.47619048,3,Untreated,0.17
317,5,ELK-2,H,D,1,0.39,0.21,0.18,46.15384615,3,Untreated,0.18
281,5,ELK-8,H,C,8,0.43,0.23,0.2,46.51162791,3,Untreated,0.2
197,5,LH-8,A,B,12,0.42,0.21,0.21,50,3,Untreated,0.21
389,5,LH-2,A,D,10,0.42,0.21,0.21,50,3,Untreated,0.21
89,5,CONTROL,C,A,11,0.36,0.15,0.21,58.33333333,3,Untreated,0.21
270,6,LH-5,A,C,7,0.35,0.36,-0.01,-2.857142857,3,Untreated,0
510,6,ELK-3,H,F,2,0.36,0.35,0.01,2.777777778,3,Untreated,0.01
606,6,ELK-9,H,G,1,0.33,0.32,0.01,3.03030303,3,Untreated,0.01
750,6,ELK-6,H,H,3,0.33,0.32,0.01,3.03030303,3,Untreated,0.01
198,6,LH-8,A,B,12,0.38,0.36,0.02,5.263157895,3,Untreated,0.02
678,6,LH-7,A,G,7,0.36,0.34,0.02,5.555555556,3,Untreated,0.02
126,6,CONTROL,C,B,6,0.37,0.35,0.02,5.405405405,3,Untreated,0.02
102,6,ELK-4,H,B,1,0.3,0.28,0.02,6.666666667,3,Untreated,0.02
642,6,ELK-7,H,G,4,0.37,0.35,0.02,5.405405405,3,Untreated,0.02
726,6,ELK-10,H,G,11,0.36,0.34,0.02,5.555555556,3,Untreated,0.02
138,6,LH-6,A,B,7,0.37,0.34,0.03,8.108108108,3,Untreated,0.03
342,6,LH-1,A,D,6,0.37,0.34,0.03,8.108108108,3,Untreated,0.03
150,6,ELK-5,H,B,8,0.38,0.35,0.03,7.894736842,3,Untreated,0.03
186,6,ELK-3,H,B,11,0.35,0.32,0.03,8.571428571,3,Untreated,0.03
282,6,ELK-8,H,C,8,0.38,0.35,0.03,7.894736842,3,Untreated,0.03
474,6,ELK-4,H,E,7,0.37,0.34,0.03,8.108108108,3,Untreated,0.03
523,6,ELK-9,H,F,3,0.38,0.35,0.03,7.894736842,3,Untreated,0.03
534,6,ELK-10,H,F,4,0.38,0.35,0.03,7.894736842,3,Untreated,0.03
798,6,ELK-6,H,H,8,0.39,0.36,0.03,7.692307692,3,Untreated,0.03
246,6,LH-6,A,C,5,0.39,0.35,0.04,10.25641026,3,Untreated,0.04
378,6,LH-2,A,D,9,0.37,0.33,0.04,10.81081081,3,Untreated,0.04
558,6,LH-3,A,F,8,0.4,0.36,0.04,10,3,Untreated,0.04
318,6,CONTROL,C,D,1,0.39,0.35,0.04,10.25641026,3,Untreated,0.04
114,6,LH-10,A,B,4,0.38,0.33,0.05,13.15789474,3,Untreated,0.05
330,6,LH-3,A,D,5,0.4,0.35,0.05,12.5,3,Untreated,0.05
438,6,LH-1,A,E,2,0.36,0.31,0.05,13.88888889,3,Untreated,0.05
462,6,LH-3,A,E,6,0.39,0.34,0.05,12.82051282,3,Untreated,0.05
546,6,LH-7,A,F,6,0.37,0.32,0.05,13.51351351,3,Untreated,0.05
570,6,LH-4,A,F,9,0.41,0.36,0.05,12.19512195,3,Untreated,0.05
690,6,LH-10,A,G,8,0.38,0.33,0.05,13.15789474,3,Untreated,0.05
774,6,LH-9,A,H,6,0.37,0.32,0.05,13.51351351,3,Untreated,0.05
786,6,LH-8,A,H,7,0.37,0.32,0.05,13.51351351,3,Untreated,0.05
42,6,ELK-7,H,A,6,0.37,0.32,0.05,13.51351351,3,Untreated,0.05
354,6,ELK-10,H,D,7,0.4,0.35,0.05,12.5,3,Untreated,0.05
366,6,ELK-5,H,D,8,0.4,0.35,0.05,12.5,3,Untreated,0.05
450,6,ELK-3,H,E,3,0.4,0.35,0.05,12.5,3,Untreated,0.05
486,6,ELK-1,H,E,9,0.4,0.35,0.05,12.5,3,Untreated,0.05
594,6,ELK-4,H,F,11,0.39,0.34,0.05,12.82051282,3,Untreated,0.05
234,6,LH-4,A,C,4,0.39,0.33,0.06,15.38461538,3,Untreated,0.06
390,6,LH-2,A,D,10,0.41,0.35,0.06,14.63414634,3,Untreated,0.06
810,6,LH-2,A,H,9,0.39,0.33,0.06,15.38461538,3,Untreated,0.06
582,6,CONTROL,C,F,10,0.38,0.32,0.06,15.78947368,3,Untreated,0.06
630,6,ELK-1,H,G,3,0.41,0.35,0.06,14.63414634,3,Untreated,0.06
654,6,ELK-7,H,G,5,0.35,0.29,0.06,17.14285714,3,Untreated,0.06
666,6,ELK-2,H,G,6,0.34,0.28,0.06,17.64705882,3,Untreated,0.06
762,6,ELK-8,H,H,5,0.38,0.32,0.06,15.78947368,3,Untreated,0.06
222,6,LH-9,A,C,3,0.42,0.35,0.07,16.66666667,3,Untreated,0.07
702,6,LH-5,A,G,9,0.38,0.31,0.07,18.42105263,3,Untreated,0.07
618,6,CONTROL,C,G,2,0.36,0.29,0.07,19.44444444,3,Untreated,0.07
78,6,ELK-8,H,A,10,0.4,0.33,0.07,17.5,3,Untreated,0.07
414,6,ELK-2,H,D,12,0.39,0.32,0.07,17.94871795,3,Untreated,0.07
306,6,LH-7,A,C,11,0.36,0.28,0.08,22.22222222,3,Untreated,0.08
822,6,LH-10,A,H,10,0.4,0.32,0.08,20,3,Untreated,0.08
6,6,CONTROL,C,A,2,0.41,0.33,0.08,19.51219512,3,Untreated,0.08
174,6,ELK-1,H,B,10,0.37,0.29,0.08,21.62162162,3,Untreated,0.08
210,6,ELK-9,H,C,2,0.41,0.33,0.08,19.51219512,3,Untreated,0.08
426,6,ELK-2,H,E,1,0.39,0.31,0.08,20.51282051,3,Untreated,0.08
714,6,CONTROL,C,G,10,0.41,0.32,0.09,21.95121951,3,Untreated,0.09
18,6,LH-4,A,A,3,0.38,0.28,0.1,26.31578947,3,Untreated,0.1
162,6,LH-8,A,B,9,0.41,0.31,0.1,24.3902439,3,Untreated,0.1
738,6,LH-1,A,G,12,0.36,0.26,0.1,27.77777778,3,Untreated,0.1
66,6,CONTROL,C,A,9,0.35,0.25,0.1,28.57142857,3,Untreated,0.1
90,6,CONTROL,C,A,11,0.36,0.26,0.1,27.77777778,3,Untreated,0.1
294,6,ELK-6,H,C,10,0.39,0.29,0.1,25.64102564,3,Untreated,0.1
834,6,ELK-5,H,H,12,0.37,0.27,0.1,27.02702703,3,Untreated,0.1
54,6,LH-6,A,A,7,0.37,0.26,0.11,29.72972973,3,Untreated,0.11
30,6,LH-9,A,A,5,0.4,0.28,0.12,30,3,Untreated,0.12
402,6,LH-5,A,D,11,0.39,0.25,0.14,35.8974359,3,Untreated,0.14
498,6,CONTROL,C,E,11,0.38,0.23,0.15,39.47368421,3,Untreated,0.15
258,6,CONTROL,C,C,6,0.39,0.21,0.18,46.15384615,3,Untreated,0.18
727,7,ELK-10,H,G,11,0.34,0.3,0.04,11.76470588,4,Antibiotic Treated,0.04
679,7,LH-7,A,G,7,0.36,0.3,0.06,16.66666667,4,Antibiotic Treated,0.06
187,7,ELK-3,H,B,11,0.35,0.29,0.06,17.14285714,4,Antibiotic Treated,0.06
691,7,LH-10,A,G,8,0.36,0.29,0.07,19.44444444,4,Antibiotic Treated,0.07
295,7,ELK-6,H,C,10,0.39,0.32,0.07,17.94871795,4,Antibiotic Treated,0.07
607,7,ELK-9,H,G,1,0.33,0.26,0.07,21.21212121,4,Antibiotic Treated,0.07
799,7,ELK-6,H,H,8,0.37,0.3,0.07,18.91891892,4,Antibiotic Treated,0.07
223,7,LH-9,A,C,3,0.41,0.33,0.08,19.51219512,4,Antibiotic Treated,0.08
559,7,LH-3,A,F,8,0.34,0.26,0.08,23.52941176,4,Antibiotic Treated,0.08
103,7,ELK-4,H,B,1,0.34,0.26,0.08,23.52941176,4,Antibiotic Treated,0.08
643,7,ELK-7,H,G,4,0.37,0.29,0.08,21.62162162,4,Antibiotic Treated,0.08
199,7,LH-8,A,B,12,0.4,0.31,0.09,22.5,4,Antibiotic Treated,0.09
331,7,LH-3,A,D,5,0.36,0.27,0.09,25,4,Antibiotic Treated,0.09
343,7,LH-1,A,D,6,0.38,0.29,0.09,23.68421053,4,Antibiotic Treated,0.09
403,7,LH-5,A,D,11,0.36,0.27,0.09,25,4,Antibiotic Treated,0.09
571,7,LH-4,A,F,9,0.37,0.28,0.09,24.32432432,4,Antibiotic Treated,0.09
151,7,ELK-5,H,B,8,0.37,0.28,0.09,24.32432432,4,Antibiotic Treated,0.09
211,7,ELK-9,H,C,2,0.39,0.3,0.09,23.07692308,4,Antibiotic Treated,0.09
367,7,ELK-5,H,D,8,0.35,0.26,0.09,25.71428571,4,Antibiotic Treated,0.09
535,7,ELK-10,H,F,4,0.37,0.28,0.09,24.32432432,4,Antibiotic Treated,0.09
655,7,ELK-7,H,G,5,0.4,0.31,0.09,22.5,4,Antibiotic Treated,0.09
667,7,ELK-2,H,G,6,0.36,0.27,0.09,25,4,Antibiotic Treated,0.09
787,7,LH-8,A,H,7,0.37,0.27,0.1,27.02702703,4,Antibiotic Treated,0.1
127,7,CONTROL,C,B,6,0.37,0.27,0.1,27.02702703,4,Antibiotic Treated,0.1
595,7,ELK-4,H,F,11,0.32,0.22,0.1,31.25,4,Antibiotic Treated,0.1
307,7,LH-7,A,C,11,0.37,0.26,0.11,29.72972973,4,Antibiotic Treated,0.11
391,7,LH-2,A,D,10,0.36,0.25,0.11,30.55555556,4,Antibiotic Treated,0.11
451,7,LH-1,A,E,3,0.36,0.25,0.11,30.55555556,4,Antibiotic Treated,0.11
703,7,LH-5,A,G,9,0.35,0.24,0.11,31.42857143,4,Antibiotic Treated,0.11
775,7,LH-9,A,H,6,0.39,0.28,0.11,28.20512821,4,Antibiotic Treated,0.11
79,7,ELK-8,H,A,10,0.35,0.24,0.11,31.42857143,4,Antibiotic Treated,0.11
175,7,ELK-1,H,B,10,0.4,0.29,0.11,27.5,4,Antibiotic Treated,0.11
283,7,ELK-8,H,C,8,0.38,0.27,0.11,28.94736842,4,Antibiotic Treated,0.11
355,7,ELK-10,H,D,7,0.39,0.28,0.11,28.20512821,4,Antibiotic Treated,0.11
415,7,ELK-2,H,D,12,0.38,0.27,0.11,28.94736842,4,Antibiotic Treated,0.11
763,7,ELK-8,H,H,5,0.35,0.24,0.11,31.42857143,4,Antibiotic Treated,0.11
115,7,LH-10,A,B,4,0.39,0.27,0.12,30.76923077,4,Antibiotic Treated,0.12
139,7,LH-6,A,B,7,0.41,0.29,0.12,29.26829268,4,Antibiotic Treated,0.12
271,7,LH-5,A,C,7,0.4,0.28,0.12,30,4,Antibiotic Treated,0.12
379,7,LH-2,A,D,9,0.34,0.22,0.12,35.29411765,4,Antibiotic Treated,0.12
739,7,LH-1,A,G,12,0.39,0.27,0.12,30.76923077,4,Antibiotic Treated,0.12
835,7,ELK-5,H,H,12,0.4,0.28,0.12,30,4,Antibiotic Treated,0.12
163,7,LH-8,A,B,9,0.36,0.23,0.13,36.11111111,4,Antibiotic Treated,0.13
547,7,LH-7,A,F,6,0.38,0.25,0.13,34.21052632,4,Antibiotic Treated,0.13
91,7,CONTROL,C,A,11,0.37,0.24,0.13,35.13513514,4,Antibiotic Treated,0.13
715,7,CONTROL,C,G,10,0.4,0.27,0.13,32.5,4,Antibiotic Treated,0.13
475,7,ELK-4,H,E,7,0.39,0.26,0.13,33.33333333,4,Antibiotic Treated,0.13
247,7,LH-6,A,C,5,0.38,0.24,0.14,36.84210526,4,Antibiotic Treated,0.14
463,7,LH-3,A,E,6,0.37,0.23,0.14,37.83783784,4,Antibiotic Treated,0.14
823,7,LH-10,A,H,10,0.37,0.23,0.14,37.83783784,4,Antibiotic Treated,0.14
43,7,ELK-7,H,A,6,0.39,0.25,0.14,35.8974359,4,Antibiotic Treated,0.14
511,7,ELK-3,H,F,2,0.39,0.25,0.14,35.8974359,4,Antibiotic Treated,0.14
811,7,LH-2,A,H,9,0.37,0.22,0.15,40.54054054,4,Antibiotic Treated,0.15
259,7,CONTROL,C,C,6,0.4,0.25,0.15,37.5,4,Antibiotic Treated,0.15
512,7,ELK-9,H,F,2,0.43,0.28,0.15,34.88372093,4,Antibiotic Treated,0.15
751,7,ELK-6,H,H,3,0.36,0.21,0.15,41.66666667,4,Antibiotic Treated,0.15
19,7,LH-4,A,A,3,0.38,0.22,0.16,42.10526316,4,Antibiotic Treated,0.16
55,7,LH-6,A,A,7,0.39,0.23,0.16,41.02564103,4,Antibiotic Treated,0.16
427,7,CONTROL,C,E,1,0.35,0.19,0.16,45.71428571,4,Antibiotic Treated,0.16
583,7,CONTROL,C,F,10,0.41,0.25,0.16,39.02439024,4,Antibiotic Treated,0.16
619,7,CONTROL,C,G,2,0.38,0.22,0.16,42.10526316,4,Antibiotic Treated,0.16
319,7,ELK-2,H,D,1,0.44,0.28,0.16,36.36363636,4,Antibiotic Treated,0.16
487,7,ELK-1,H,E,9,0.42,0.26,0.16,38.0952381,4,Antibiotic Treated,0.16
31,7,LH-9,A,A,5,0.38,0.21,0.17,44.73684211,4,Antibiotic Treated,0.17
235,7,LH-4,A,C,4,0.38,0.2,0.18,47.36842105,4,Antibiotic Treated,0.18
7,7,CONTROL,C,A,2,0.39,0.21,0.18,46.15384615,4,Antibiotic Treated,0.18
499,7,CONTROL,C,E,11,0.39,0.21,0.18,46.15384615,4,Antibiotic Treated,0.18
631,7,ELK-1,H,G,3,0.44,0.26,0.18,40.90909091,4,Antibiotic Treated,0.18
439,7,ELK-3,H,E,2,0.43,0.24,0.19,44.18604651,4,Antibiotic Treated,0.19
67,7,CONTROL,C,A,9,0.42,0.14,0.28,66.66666667,4,Antibiotic Treated,0.28
500,8,CONTROL,C,E,11,0.32,0.3,0.02,6.25,4,Antibiotic Treated,0.02
188,8,ELK-3,H,B,11,0.34,0.31,0.03,8.823529412,4,Antibiotic Treated,0.03
332,8,LH-3,A,D,5,0.37,0.32,0.05,13.51351351,4,Antibiotic Treated,0.05
380,8,LH-2,A,D,9,0.36,0.31,0.05,13.88888889,4,Antibiotic Treated,0.05
464,8,LH-3,A,E,6,0.35,0.3,0.05,14.28571429,4,Antibiotic Treated,0.05
272,8,LH-5,A,C,7,0.36,0.3,0.06,16.66666667,4,Antibiotic Treated,0.06
344,8,LH-1,A,D,6,0.34,0.28,0.06,17.64705882,4,Antibiotic Treated,0.06
128,8,CONTROL,C,B,6,0.35,0.29,0.06,17.14285714,4,Antibiotic Treated,0.06
476,8,ELK-4,H,E,7,0.38,0.32,0.06,15.78947368,4,Antibiotic Treated,0.06
728,8,ELK-10,H,G,11,0.36,0.3,0.06,16.66666667,4,Antibiotic Treated,0.06
392,8,LH-2,A,D,10,0.35,0.28,0.07,20,4,Antibiotic Treated,0.07
812,8,LH-2,A,H,9,0.37,0.3,0.07,18.91891892,4,Antibiotic Treated,0.07
44,8,ELK-7,H,A,6,0.36,0.29,0.07,19.44444444,4,Antibiotic Treated,0.07
80,8,ELK-8,H,A,10,0.36,0.29,0.07,19.44444444,4,Antibiotic Treated,0.07
284,8,ELK-8,H,C,8,0.38,0.31,0.07,18.42105263,4,Antibiotic Treated,0.07
296,8,ELK-6,H,C,10,0.38,0.31,0.07,18.42105263,4,Antibiotic Treated,0.07
656,8,ELK-7,H,G,5,0.35,0.28,0.07,20,4,Antibiotic Treated,0.07
668,8,ELK-2,H,G,6,0.36,0.29,0.07,19.44444444,4,Antibiotic Treated,0.07
308,8,LH-7,A,C,11,0.37,0.29,0.08,21.62162162,4,Antibiotic Treated,0.08
548,8,LH-7,A,F,6,0.37,0.29,0.08,21.62162162,4,Antibiotic Treated,0.08
704,8,LH-5,A,G,9,0.36,0.28,0.08,22.22222222,4,Antibiotic Treated,0.08
824,8,LH-10,A,H,10,0.38,0.3,0.08,21.05263158,4,Antibiotic Treated,0.08
452,8,ELK-3,H,E,3,0.39,0.31,0.08,20.51282051,4,Antibiotic Treated,0.08
488,8,ELK-1,H,E,9,0.37,0.29,0.08,21.62162162,4,Antibiotic Treated,0.08
536,8,ELK-10,H,F,4,0.34,0.26,0.08,23.52941176,4,Antibiotic Treated,0.08
644,8,ELK-7,H,G,4,0.34,0.26,0.08,23.52941176,4,Antibiotic Treated,0.08
164,8,LH-8,A,B,9,0.4,0.31,0.09,22.5,4,Antibiotic Treated,0.09
260,8,CONTROL,C,C,6,0.35,0.26,0.09,25.71428571,4,Antibiotic Treated,0.09
716,8,CONTROL,C,G,10,0.39,0.3,0.09,23.07692308,4,Antibiotic Treated,0.09
212,8,ELK-9,H,C,2,0.39,0.3,0.09,23.07692308,4,Antibiotic Treated,0.09
596,8,ELK-4,H,F,11,0.37,0.28,0.09,24.32432432,4,Antibiotic Treated,0.09
608,8,ELK-9,H,G,1,0.36,0.27,0.09,25,4,Antibiotic Treated,0.09
836,8,ELK-5,H,H,12,0.38,0.29,0.09,23.68421053,4,Antibiotic Treated,0.09
32,8,LH-9,A,A,5,0.37,0.27,0.1,27.02702703,4,Antibiotic Treated,0.1
116,8,LH-10,A,B,4,0.34,0.24,0.1,29.41176471,4,Antibiotic Treated,0.1
140,8,LH-6,A,B,7,0.4,0.3,0.1,25,4,Antibiotic Treated,0.1
440,8,LH-1,A,E,2,0.35,0.25,0.1,28.57142857,4,Antibiotic Treated,0.1
560,8,LH-3,A,F,8,0.34,0.24,0.1,29.41176471,4,Antibiotic Treated,0.1
572,8,LH-4,A,F,9,0.38,0.28,0.1,26.31578947,4,Antibiotic Treated,0.1
740,8,LH-1,A,G,12,0.36,0.26,0.1,27.77777778,4,Antibiotic Treated,0.1
620,8,CONTROL,C,G,2,0.36,0.26,0.1,27.77777778,4,Antibiotic Treated,0.1
152,8,ELK-5,H,B,8,0.4,0.3,0.1,25,4,Antibiotic Treated,0.1
176,8,ELK-1,H,B,10,0.4,0.3,0.1,25,4,Antibiotic Treated,0.1
368,8,ELK-5,H,D,8,0.4,0.3,0.1,25,4,Antibiotic Treated,0.1
513,8,ELK-3,H,F,2,0.4,0.3,0.1,25,4,Antibiotic Treated,0.1
632,8,ELK-1,H,G,3,0.37,0.27,0.1,27.02702703,4,Antibiotic Treated,0.1
764,8,ELK-8,H,H,5,0.39,0.29,0.1,25.64102564,4,Antibiotic Treated,0.1
800,8,ELK-6,H,H,8,0.39,0.29,0.1,25.64102564,4,Antibiotic Treated,0.1
20,8,LH-4,A,A,3,0.39,0.28,0.11,28.20512821,4,Antibiotic Treated,0.11
236,8,LH-4,A,C,4,0.38,0.27,0.11,28.94736842,4,Antibiotic Treated,0.11
404,8,LH-5,A,D,11,0.38,0.27,0.11,28.94736842,4,Antibiotic Treated,0.11
92,8,CONTROL,C,A,11,0.38,0.27,0.11,28.94736842,4,Antibiotic Treated,0.11
524,8,ELK-9,H,F,3,0.37,0.26,0.11,29.72972973,4,Antibiotic Treated,0.11
56,8,LH-6,A,A,7,0.42,0.3,0.12,28.57142857,4,Antibiotic Treated,0.12
224,8,LH-9,A,C,3,0.41,0.29,0.12,29.26829268,4,Antibiotic Treated,0.12
248,8,LH-6,A,C,5,0.41,0.29,0.12,29.26829268,4,Antibiotic Treated,0.12
776,8,LH-9,A,H,6,0.38,0.26,0.12,31.57894737,4,Antibiotic Treated,0.12
8,8,CONTROL,C,A,2,0.33,0.21,0.12,36.36363636,4,Antibiotic Treated,0.12
428,8,CONTROL,C,E,1,0.37,0.25,0.12,32.43243243,4,Antibiotic Treated,0.12
584,8,CONTROL,C,F,10,0.42,0.3,0.12,28.57142857,4,Antibiotic Treated,0.12
320,8,ELK-2,H,D,1,0.36,0.24,0.12,33.33333333,4,Antibiotic Treated,0.12
680,8,LH-7,A,G,7,0.41,0.28,0.13,31.70731707,4,Antibiotic Treated,0.13
788,8,LH-8,A,H,7,0.43,0.3,0.13,30.23255814,4,Antibiotic Treated,0.13
68,8,CONTROL,C,A,9,0.4,0.26,0.14,35,4,Antibiotic Treated,0.14
416,8,ELK-2,H,D,12,0.36,0.22,0.14,38.88888889,4,Antibiotic Treated,0.14
200,8,LH-8,A,B,12,0.38,0.23,0.15,39.47368421,4,Antibiotic Treated,0.15
104,8,ELK-4,H,B,1,0.37,0.22,0.15,40.54054054,4,Antibiotic Treated,0.15
356,8,ELK-10,H,D,7,0.45,0.3,0.15,33.33333333,4,Antibiotic Treated,0.15
752,8,ELK-6,H,H,3,0.39,0.21,0.18,46.15384615,4,Antibiotic Treated,0.18
692,8,LH-10,A,G,8,0.42,0.22,0.2,47.61904762,4,Antibiotic Treated,0.2
81,9,ELK-8,H,A,10,0.35,0.31,0.04,11.42857143,5,Untreated,0.04
189,9,ELK-3,H,B,11,0.39,0.34,0.05,12.82051282,5,Untreated,0.05
153,9,ELK-5,H,B,8,0.34,0.28,0.06,17.64705882,5,Untreated,0.06
285,9,ELK-8,H,C,8,0.37,0.31,0.06,16.21621622,5,Untreated,0.06
369,9,ELK-5,H,D,8,0.33,0.27,0.06,18.18181818,5,Untreated,0.06
141,9,LH-6,A,B,7,0.34,0.27,0.07,20.58823529,5,Untreated,0.07
309,9,LH-7,A,C,11,0.36,0.29,0.07,19.44444444,5,Untreated,0.07
333,9,LH-3,A,D,5,0.37,0.3,0.07,18.91891892,5,Untreated,0.07
681,9,LH-7,A,G,7,0.35,0.28,0.07,20,5,Untreated,0.07
453,9,ELK-3,H,E,3,0.34,0.27,0.07,20.58823529,5,Untreated,0.07
633,9,ELK-1,H,G,3,0.41,0.34,0.07,17.07317073,5,Untreated,0.07
393,9,LH-2,A,D,10,0.41,0.33,0.08,19.51219512,5,Untreated,0.08
573,9,LH-4,A,F,9,0.37,0.29,0.08,21.62162162,5,Untreated,0.08
177,9,ELK-1,H,B,10,0.38,0.3,0.08,21.05263158,5,Untreated,0.08
297,9,ELK-6,H,C,10,0.38,0.3,0.08,21.05263158,5,Untreated,0.08
537,9,ELK-10,H,F,4,0.33,0.25,0.08,24.24242424,5,Untreated,0.08
597,9,ELK-4,H,F,11,0.41,0.33,0.08,19.51219512,5,Untreated,0.08
657,9,ELK-7,H,G,5,0.36,0.28,0.08,22.22222222,5,Untreated,0.08
729,9,ELK-10,H,G,11,0.36,0.28,0.08,22.22222222,5,Untreated,0.08
753,9,ELK-6,H,H,3,0.35,0.27,0.08,22.85714286,5,Untreated,0.08
33,9,LH-9,A,A,5,0.35,0.26,0.09,25.71428571,5,Untreated,0.09
57,9,LH-6,A,A,7,0.36,0.27,0.09,25,5,Untreated,0.09
225,9,LH-9,A,C,3,0.37,0.28,0.09,24.32432432,5,Untreated,0.09
249,9,LH-6,A,C,5,0.39,0.3,0.09,23.07692308,5,Untreated,0.09
165,9,LH-8,A,B,9,0.4,0.3,0.1,25,5,Untreated,0.1
273,9,LH-5,A,C,7,0.38,0.28,0.1,26.31578947,5,Untreated,0.1
381,9,LH-2,A,D,9,0.39,0.29,0.1,25.64102564,5,Untreated,0.1
561,9,LH-3,A,F,8,0.39,0.29,0.1,25.64102564,5,Untreated,0.1
585,9,CONTROL,C,F,10,0.36,0.26,0.1,27.77777778,5,Untreated,0.1
45,9,ELK-7,H,A,6,0.37,0.27,0.1,27.02702703,5,Untreated,0.1
669,9,ELK-2,H,G,6,0.35,0.25,0.1,28.57142857,5,Untreated,0.1
465,9,LH-3,A,E,6,0.37,0.26,0.11,29.72972973,5,Untreated,0.11
705,9,LH-5,A,G,9,0.37,0.26,0.11,29.72972973,5,Untreated,0.11
321,9,ELK-2,H,D,1,0.39,0.28,0.11,28.20512821,5,Untreated,0.11
357,9,ELK-10,H,D,7,0.38,0.27,0.11,28.94736842,5,Untreated,0.11
417,9,ELK-2,H,D,12,0.38,0.27,0.11,28.94736842,5,Untreated,0.11
514,9,ELK-3,H,F,2,0.35,0.24,0.11,31.42857143,5,Untreated,0.11
609,9,ELK-9,H,G,1,0.3,0.19,0.11,36.66666667,5,Untreated,0.11
237,9,LH-4,A,C,4,0.4,0.28,0.12,30,5,Untreated,0.12
549,9,LH-7,A,F,6,0.37,0.25,0.12,32.43243243,5,Untreated,0.12
741,9,LH-1,A,G,12,0.33,0.21,0.12,36.36363636,5,Untreated,0.12
717,9,CONTROL,C,G,10,0.39,0.27,0.12,30.76923077,5,Untreated,0.12
489,9,ELK-1,H,E,9,0.42,0.3,0.12,28.57142857,5,Untreated,0.12
525,9,ELK-9,H,F,3,0.42,0.3,0.12,28.57142857,5,Untreated,0.12
765,9,ELK-8,H,H,5,0.39,0.27,0.12,30.76923077,5,Untreated,0.12
21,9,LH-4,A,A,3,0.41,0.28,0.13,31.70731707,5,Untreated,0.13
117,9,LH-10,A,B,4,0.4,0.27,0.13,32.5,5,Untreated,0.13
201,9,LH-8,A,B,12,0.42,0.29,0.13,30.95238095,5,Untreated,0.13
441,9,LH-1,A,E,2,0.33,0.2,0.13,39.39393939,5,Untreated,0.13
693,9,LH-10,A,G,8,0.32,0.19,0.13,40.625,5,Untreated,0.13
9,9,CONTROL,C,A,2,0.38,0.25,0.13,34.21052632,5,Untreated,0.13
105,9,ELK-4,H,B,1,0.36,0.23,0.13,36.11111111,5,Untreated,0.13
645,9,ELK-7,H,G,4,0.39,0.26,0.13,33.33333333,5,Untreated,0.13
789,9,LH-8,A,H,7,0.36,0.22,0.14,38.88888889,5,Untreated,0.14
477,9,ELK-4,H,E,7,0.38,0.24,0.14,36.84210526,5,Untreated,0.14
837,9,ELK-5,H,H,12,0.39,0.25,0.14,35.8974359,5,Untreated,0.14
345,9,LH-1,A,D,6,0.36,0.21,0.15,41.66666667,5,Untreated,0.15
405,9,LH-5,A,D,11,0.45,0.3,0.15,33.33333333,5,Untreated,0.15
825,9,LH-10,A,H,10,0.36,0.21,0.15,41.66666667,5,Untreated,0.15
93,9,CONTROL,C,A,11,0.38,0.23,0.15,39.47368421,5,Untreated,0.15
621,9,CONTROL,C,G,2,0.42,0.27,0.15,35.71428571,5,Untreated,0.15
69,9,CONTROL,C,A,9,0.44,0.28,0.16,36.36363636,5,Untreated,0.16
129,9,CONTROL,C,B,6,0.41,0.25,0.16,39.02439024,5,Untreated,0.16
429,9,CONTROL,C,E,1,0.37,0.21,0.16,43.24324324,5,Untreated,0.16
501,9,CONTROL,C,E,11,0.39,0.23,0.16,41.02564103,5,Untreated,0.16
213,9,ELK-9,H,C,2,0.39,0.23,0.16,41.02564103,5,Untreated,0.16
801,9,ELK-6,H,H,8,0.39,0.22,0.17,43.58974359,5,Untreated,0.17
777,9,LH-9,A,H,6,0.42,0.24,0.18,42.85714286,5,Untreated,0.18
813,9,LH-2,A,H,9,0.4,0.22,0.18,45,5,Untreated,0.18
261,9,CONTROL,C,C,6,0.41,0.23,0.18,43.90243902,5,Untreated,0.18
778,10,LH-9,A,H,6,0.34,0.34,0,0,5,Untreated,0
730,10,ELK-10,H,G,11,0.36,0.36,0,0,5,Untreated,0
790,10,LH-8,A,H,7,0.37,0.35,0.02,5.405405405,5,Untreated,0.02
286,10,ELK-8,H,C,8,0.34,0.31,0.03,8.823529412,5,Untreated,0.03
382,10,LH-2,A,D,9,0.36,0.32,0.04,11.11111111,5,Untreated,0.04
742,10,LH-1,A,G,12,0.34,0.3,0.04,11.76470588,5,Untreated,0.04
515,10,ELK-3,H,F,2,0.33,0.29,0.04,12.12121212,5,Untreated,0.04
598,10,ELK-4,H,F,11,0.31,0.27,0.04,12.90322581,5,Untreated,0.04
310,10,LH-7,A,C,11,0.39,0.34,0.05,12.82051282,5,Untreated,0.05
706,10,LH-5,A,G,9,0.36,0.31,0.05,13.88888889,5,Untreated,0.05
610,10,ELK-9,H,G,1,0.35,0.3,0.05,14.28571429,5,Untreated,0.05
58,10,LH-6,A,A,7,0.39,0.33,0.06,15.38461538,5,Untreated,0.06
394,10,LH-2,A,D,10,0.36,0.3,0.06,16.66666667,5,Untreated,0.06
406,10,LH-5,A,D,11,0.39,0.33,0.06,15.38461538,5,Untreated,0.06
262,10,CONTROL,C,C,6,0.4,0.34,0.06,15,5,Untreated,0.06
718,10,CONTROL,C,G,10,0.37,0.31,0.06,16.21621622,5,Untreated,0.06
358,10,ELK-10,H,D,7,0.37,0.31,0.06,16.21621622,5,Untreated,0.06
766,10,ELK-8,H,H,5,0.38,0.32,0.06,15.78947368,5,Untreated,0.06
802,10,ELK-6,H,H,8,0.35,0.29,0.06,17.14285714,5,Untreated,0.06
34,10,LH-9,A,A,5,0.3,0.23,0.07,23.33333333,5,Untreated,0.07
334,10,LH-3,A,D,5,0.39,0.32,0.07,17.94871795,5,Untreated,0.07
694,10,LH-10,A,G,8,0.38,0.31,0.07,18.42105263,5,Untreated,0.07
46,10,ELK-7,H,A,6,0.37,0.3,0.07,18.91891892,5,Untreated,0.07
190,10,ELK-3,H,B,11,0.37,0.3,0.07,18.91891892,5,Untreated,0.07
214,10,ELK-9,H,C,2,0.4,0.33,0.07,17.5,5,Untreated,0.07
658,10,ELK-7,H,G,5,0.34,0.27,0.07,20.58823529,5,Untreated,0.07
754,10,ELK-6,H,H,3,0.42,0.35,0.07,16.66666667,5,Untreated,0.07
226,10,LH-9,A,C,3,0.41,0.33,0.08,19.51219512,5,Untreated,0.08
466,10,LH-3,A,E,6,0.32,0.24,0.08,25,5,Untreated,0.08
562,10,LH-3,A,F,8,0.39,0.31,0.08,20.51282051,5,Untreated,0.08
682,10,LH-7,A,G,7,0.4,0.32,0.08,20,5,Untreated,0.08
106,10,ELK-4,H,B,1,0.37,0.29,0.08,21.62162162,5,Untreated,0.08
454,10,ELK-3,H,E,3,0.36,0.28,0.08,22.22222222,5,Untreated,0.08
634,10,ELK-1,H,G,3,0.38,0.3,0.08,21.05263158,5,Untreated,0.08
202,10,LH-8,A,B,12,0.35,0.26,0.09,25.71428571,5,Untreated,0.09
82,10,ELK-8,H,A,10,0.36,0.27,0.09,25,5,Untreated,0.09
490,10,ELK-1,H,E,9,0.32,0.23,0.09,28.125,5,Untreated,0.09
238,10,LH-4,A,C,4,0.36,0.26,0.1,27.77777778,5,Untreated,0.1
274,10,LH-5,A,C,7,0.39,0.29,0.1,25.64102564,5,Untreated,0.1
574,10,LH-4,A,F,9,0.37,0.27,0.1,27.02702703,5,Untreated,0.1
322,10,ELK-2,H,D,1,0.41,0.31,0.1,24.3902439,5,Untreated,0.1
418,10,ELK-2,H,D,12,0.36,0.26,0.1,27.77777778,5,Untreated,0.1
526,10,ELK-9,H,F,3,0.37,0.27,0.1,27.02702703,5,Untreated,0.1
646,10,ELK-7,H,G,4,0.4,0.3,0.1,25,5,Untreated,0.1
442,10,LH-1,A,E,2,0.37,0.26,0.11,29.72972973,5,Untreated,0.11
478,10,ELK-4,H,E,7,0.4,0.29,0.11,27.5,5,Untreated,0.11
118,10,LH-10,A,B,4,0.38,0.26,0.12,31.57894737,5,Untreated,0.12
346,10,LH-1,A,D,6,0.39,0.27,0.12,30.76923077,5,Untreated,0.12
130,10,CONTROL,C,B,6,0.38,0.26,0.12,31.57894737,5,Untreated,0.12
670,10,ELK-2,H,G,6,0.38,0.26,0.12,31.57894737,5,Untreated,0.12
826,10,LH-10,A,H,10,0.38,0.25,0.13,34.21052632,5,Untreated,0.13
622,10,CONTROL,C,G,2,0.35,0.22,0.13,37.14285714,5,Untreated,0.13
370,10,ELK-5,H,D,8,0.42,0.29,0.13,30.95238095,5,Untreated,0.13
838,10,ELK-5,H,H,12,0.4,0.27,0.13,32.5,5,Untreated,0.13
166,10,LH-8,A,B,9,0.4,0.26,0.14,35,5,Untreated,0.14
430,10,CONTROL,C,E,1,0.41,0.27,0.14,34.14634146,5,Untreated,0.14
178,10,ELK-1,H,B,10,0.4,0.26,0.14,35,5,Untreated,0.14
538,10,ELK-10,H,F,4,0.39,0.25,0.14,35.8974359,5,Untreated,0.14
250,10,LH-6,A,C,5,0.42,0.27,0.15,35.71428571,5,Untreated,0.15
70,10,CONTROL,C,A,9,0.39,0.24,0.15,38.46153846,5,Untreated,0.15
94,10,CONTROL,C,A,11,0.42,0.27,0.15,35.71428571,5,Untreated,0.15
154,10,ELK-5,H,B,8,0.45,0.3,0.15,33.33333333,5,Untreated,0.15
22,10,LH-4,A,A,3,0.4,0.24,0.16,40,5,Untreated,0.16
142,10,LH-6,A,B,7,0.42,0.26,0.16,38.0952381,5,Untreated,0.16
298,10,ELK-6,H,C,10,0.48,0.32,0.16,33.33333333,5,Untreated,0.16
814,10,LH-2,A,H,9,0.39,0.22,0.17,43.58974359,5,Untreated,0.17
10,10,CONTROL,C,A,2,0.42,0.25,0.17,40.47619048,5,Untreated,0.17
550,10,LH-7,A,F,6,0.32,0.13,0.19,59.375,5,Untreated,0.19
586,10,CONTROL,C,F,10,0.43,0.22,0.21,48.8372093,5,Untreated,0.21
502,10,CONTROL,C,E,11,0.44,0.22,0.22,50,5,Untreated,0.22
527,11,ELK-9,H,F,3,0.32,0.32,0,0,6,Antibiotic Treated,0
347,11,LH-1,A,D,6,0.35,0.32,0.03,8.571428571,6,Antibiotic Treated,0.03
695,11,LH-10,A,G,8,0.37,0.34,0.03,8.108108108,6,Antibiotic Treated,0.03
371,11,ELK-5,H,D,8,0.35,0.32,0.03,8.571428571,6,Antibiotic Treated,0.03
479,11,ELK-4,H,E,7,0.35,0.32,0.03,8.571428571,6,Antibiotic Treated,0.03
11,11,CONTROL,C,A,2,0.37,0.33,0.04,10.81081081,6,Antibiotic Treated,0.04
215,11,ELK-9,H,C,2,0.33,0.29,0.04,12.12121212,6,Antibiotic Treated,0.04
443,11,LH-1,A,E,2,0.36,0.31,0.05,13.88888889,6,Antibiotic Treated,0.05
251,11,LH-6,A,C,5,0.35,0.29,0.06,17.14285714,6,Antibiotic Treated,0.06
311,11,LH-7,A,C,11,0.37,0.31,0.06,16.21621622,6,Antibiotic Treated,0.06
455,11,ELK-3,H,E,3,0.37,0.31,0.06,16.21621622,6,Antibiotic Treated,0.06
827,11,LH-10,A,H,10,0.39,0.32,0.07,17.94871795,6,Antibiotic Treated,0.07
431,11,CONTROL,C,E,1,0.37,0.3,0.07,18.91891892,6,Antibiotic Treated,0.07
503,11,CONTROL,C,E,11,0.38,0.31,0.07,18.42105263,6,Antibiotic Treated,0.07
47,11,ELK-7,H,A,6,0.37,0.3,0.07,18.91891892,6,Antibiotic Treated,0.07
107,11,ELK-4,H,B,1,0.36,0.29,0.07,19.44444444,6,Antibiotic Treated,0.07
359,11,ELK-10,H,D,7,0.37,0.3,0.07,18.91891892,6,Antibiotic Treated,0.07
659,11,ELK-7,H,G,5,0.34,0.26,0.08,23.52941176,6,Antibiotic Treated,0.08
839,11,ELK-5,H,H,12,0.39,0.31,0.08,20.51282051,6,Antibiotic Treated,0.08
119,11,LH-10,A,B,4,0.4,0.31,0.09,22.5,6,Antibiotic Treated,0.09
383,11,LH-2,A,D,9,0.38,0.29,0.09,23.68421053,6,Antibiotic Treated,0.09
563,11,LH-3,A,F,8,0.4,0.31,0.09,22.5,6,Antibiotic Treated,0.09
539,11,ELK-10,H,F,4,0.37,0.28,0.09,24.32432432,6,Antibiotic Treated,0.09
611,11,ELK-9,H,G,1,0.35,0.26,0.09,25.71428571,6,Antibiotic Treated,0.09
755,11,ELK-6,H,H,3,0.38,0.29,0.09,23.68421053,6,Antibiotic Treated,0.09
803,11,ELK-6,H,H,8,0.38,0.29,0.09,23.68421053,6,Antibiotic Treated,0.09
275,11,LH-5,A,C,7,0.35,0.25,0.1,28.57142857,6,Antibiotic Treated,0.1
407,11,LH-5,A,D,11,0.36,0.26,0.1,27.77777778,6,Antibiotic Treated,0.1
551,11,LH-7,A,F,6,0.39,0.29,0.1,25.64102564,6,Antibiotic Treated,0.1
683,11,LH-7,A,G,7,0.36,0.26,0.1,27.77777778,6,Antibiotic Treated,0.1
791,11,LH-8,A,H,7,0.35,0.25,0.1,28.57142857,6,Antibiotic Treated,0.1
83,11,ELK-8,H,A,10,0.38,0.28,0.1,26.31578947,6,Antibiotic Treated,0.1
155,11,ELK-5,H,B,8,0.39,0.29,0.1,25.64102564,6,Antibiotic Treated,0.1
299,11,ELK-6,H,C,10,0.38,0.28,0.1,26.31578947,6,Antibiotic Treated,0.1
323,11,ELK-2,H,D,1,0.38,0.28,0.1,26.31578947,6,Antibiotic Treated,0.1
419,11,ELK-2,H,D,12,0.36,0.26,0.1,27.77777778,6,Antibiotic Treated,0.1
647,11,ELK-7,H,G,4,0.4,0.3,0.1,25,6,Antibiotic Treated,0.1
23,11,LH-4,A,A,3,0.37,0.26,0.11,29.72972973,6,Antibiotic Treated,0.11
143,11,LH-6,A,B,7,0.37,0.26,0.11,29.72972973,6,Antibiotic Treated,0.11
395,11,LH-2,A,D,10,0.39,0.28,0.11,28.20512821,6,Antibiotic Treated,0.11
467,11,LH-3,A,E,6,0.37,0.26,0.11,29.72972973,6,Antibiotic Treated,0.11
707,11,LH-5,A,G,9,0.4,0.29,0.11,27.5,6,Antibiotic Treated,0.11
587,11,CONTROL,C,F,10,0.37,0.26,0.11,29.72972973,6,Antibiotic Treated,0.11
516,11,ELK-3,H,F,2,0.38,0.27,0.11,28.94736842,6,Antibiotic Treated,0.11
767,11,ELK-8,H,H,5,0.4,0.29,0.11,27.5,6,Antibiotic Treated,0.11
227,11,LH-9,A,C,3,0.42,0.3,0.12,28.57142857,6,Antibiotic Treated,0.12
239,11,LH-4,A,C,4,0.41,0.29,0.12,29.26829268,6,Antibiotic Treated,0.12
575,11,LH-4,A,F,9,0.39,0.27,0.12,30.76923077,6,Antibiotic Treated,0.12
743,11,LH-1,A,G,12,0.4,0.28,0.12,30,6,Antibiotic Treated,0.12
263,11,CONTROL,C,C,6,0.4,0.27,0.13,32.5,6,Antibiotic Treated,0.13
623,11,CONTROL,C,G,2,0.39,0.26,0.13,33.33333333,6,Antibiotic Treated,0.13
719,11,CONTROL,C,G,10,0.4,0.27,0.13,32.5,6,Antibiotic Treated,0.13
671,11,ELK-2,H,G,6,0.39,0.26,0.13,33.33333333,6,Antibiotic Treated,0.13
59,11,LH-6,A,A,7,0.43,0.29,0.14,32.55813953,6,Antibiotic Treated,0.14
335,11,LH-3,A,D,5,0.39,0.25,0.14,35.8974359,6,Antibiotic Treated,0.14
779,11,LH-9,A,H,6,0.34,0.2,0.14,41.17647059,6,Antibiotic Treated,0.14
71,11,CONTROL,C,A,9,0.38,0.24,0.14,36.84210526,6,Antibiotic Treated,0.14
191,11,ELK-3,H,B,11,0.39,0.25,0.14,35.8974359,6,Antibiotic Treated,0.14
731,11,ELK-10,H,G,11,0.38,0.24,0.14,36.84210526,6,Antibiotic Treated,0.14
203,11,LH-8,A,B,12,0.4,0.25,0.15,37.5,6,Antibiotic Treated,0.15
599,11,ELK-4,H,F,11,0.36,0.21,0.15,41.66666667,6,Antibiotic Treated,0.15
635,11,ELK-1,H,G,3,0.43,0.28,0.15,34.88372093,6,Antibiotic Treated,0.15
35,11,LH-9,A,A,5,0.42,0.26,0.16,38.0952381,6,Antibiotic Treated,0.16
167,11,LH-8,A,B,9,0.42,0.26,0.16,38.0952381,6,Antibiotic Treated,0.16
179,11,ELK-1,H,B,10,0.4,0.24,0.16,40,6,Antibiotic Treated,0.16
287,11,ELK-8,H,C,8,0.46,0.3,0.16,34.7826087,6,Antibiotic Treated,0.16
95,11,CONTROL,C,A,11,0.39,0.22,0.17,43.58974359,6,Antibiotic Treated,0.17
815,11,LH-2,A,H,9,0.39,0.21,0.18,46.15384615,6,Antibiotic Treated,0.18
131,11,CONTROL,C,B,6,0.42,0.24,0.18,42.85714286,6,Antibiotic Treated,0.18
491,11,ELK-1,H,E,9,0.43,0.18,0.25,58.13953488,6,Antibiotic Treated,0.25
336,12,LH-3,A,D,5,0.33,0.34,-0.01,-3.03030303,6,Antibiotic Treated,0
408,12,LH-5,A,D,11,0.33,0.32,0.01,3.03030303,6,Antibiotic Treated,0.01
804,12,ELK-6,H,H,8,0.38,0.36,0.02,5.263157895,6,Antibiotic Treated,0.02
240,12,LH-4,A,C,4,0.38,0.35,0.03,7.894736842,6,Antibiotic Treated,0.03
252,12,LH-6,A,C,5,0.41,0.38,0.03,7.317073171,6,Antibiotic Treated,0.03
480,12,ELK-4,H,E,7,0.35,0.32,0.03,8.571428571,6,Antibiotic Treated,0.03
660,12,ELK-7,H,G,5,0.34,0.31,0.03,8.823529412,6,Antibiotic Treated,0.03
840,12,ELK-5,H,H,12,0.36,0.33,0.03,8.333333333,6,Antibiotic Treated,0.03
684,12,LH-7,A,G,7,0.35,0.31,0.04,11.42857143,6,Antibiotic Treated,0.04
696,12,LH-10,A,G,8,0.3,0.26,0.04,13.33333333,6,Antibiotic Treated,0.04
528,12,ELK-9,H,F,3,0.36,0.32,0.04,11.11111111,6,Antibiotic Treated,0.04
312,12,LH-7,A,C,11,0.36,0.31,0.05,13.88888889,6,Antibiotic Treated,0.05
24,12,LH-4,A,A,3,0.37,0.31,0.06,16.21621622,6,Antibiotic Treated,0.06
468,12,LH-3,A,E,6,0.36,0.3,0.06,16.66666667,6,Antibiotic Treated,0.06
816,12,LH-2,A,H,9,0.38,0.32,0.06,15.78947368,6,Antibiotic Treated,0.06
372,12,ELK-5,H,D,8,0.37,0.31,0.06,16.21621622,6,Antibiotic Treated,0.06
648,12,ELK-7,H,G,4,0.37,0.31,0.06,16.21621622,6,Antibiotic Treated,0.06
348,12,LH-1,A,D,6,0.38,0.31,0.07,18.42105263,6,Antibiotic Treated,0.07
396,12,LH-2,A,D,10,0.36,0.29,0.07,19.44444444,6,Antibiotic Treated,0.07
552,12,LH-7,A,F,6,0.34,0.27,0.07,20.58823529,6,Antibiotic Treated,0.07
576,12,LH-4,A,F,9,0.38,0.31,0.07,18.42105263,6,Antibiotic Treated,0.07
792,12,LH-8,A,H,7,0.39,0.32,0.07,17.94871795,6,Antibiotic Treated,0.07
156,12,ELK-5,H,B,8,0.37,0.3,0.07,18.91891892,6,Antibiotic Treated,0.07
540,12,ELK-10,H,F,4,0.38,0.31,0.07,18.42105263,6,Antibiotic Treated,0.07
600,12,ELK-4,H,F,11,0.41,0.34,0.07,17.07317073,6,Antibiotic Treated,0.07
672,12,ELK-2,H,G,6,0.37,0.3,0.07,18.91891892,6,Antibiotic Treated,0.07
384,12,LH-2,A,D,9,0.37,0.29,0.08,21.62162162,6,Antibiotic Treated,0.08
708,12,LH-5,A,G,9,0.36,0.28,0.08,22.22222222,6,Antibiotic Treated,0.08
744,12,LH-1,A,G,12,0.37,0.29,0.08,21.62162162,6,Antibiotic Treated,0.08
732,12,ELK-10,H,G,11,0.39,0.31,0.08,20.51282051,6,Antibiotic Treated,0.08
60,12,LH-6,A,A,7,0.42,0.33,0.09,21.42857143,6,Antibiotic Treated,0.09
144,12,LH-6,A,B,7,0.39,0.3,0.09,23.07692308,6,Antibiotic Treated,0.09
204,12,LH-8,A,B,12,0.38,0.29,0.09,23.68421053,6,Antibiotic Treated,0.09
564,12,LH-3,A,F,8,0.37,0.28,0.09,24.32432432,6,Antibiotic Treated,0.09
264,12,CONTROL,C,C,6,0.37,0.28,0.09,24.32432432,6,Antibiotic Treated,0.09
504,12,CONTROL,C,E,11,0.37,0.28,0.09,24.32432432,6,Antibiotic Treated,0.09
720,12,CONTROL,C,G,10,0.41,0.32,0.09,21.95121951,6,Antibiotic Treated,0.09
84,12,ELK-8,H,A,10,0.33,0.24,0.09,27.27272727,6,Antibiotic Treated,0.09
288,12,ELK-8,H,C,8,0.46,0.37,0.09,19.56521739,6,Antibiotic Treated,0.09
300,12,ELK-6,H,C,10,0.4,0.31,0.09,22.5,6,Antibiotic Treated,0.09
324,12,ELK-2,H,D,1,0.37,0.28,0.09,24.32432432,6,Antibiotic Treated,0.09
456,12,ELK-3,H,E,3,0.34,0.25,0.09,26.47058824,6,Antibiotic Treated,0.09
612,12,ELK-9,H,G,1,0.38,0.29,0.09,23.68421053,6,Antibiotic Treated,0.09
636,12,ELK-1,H,G,3,0.41,0.32,0.09,21.95121951,6,Antibiotic Treated,0.09
768,12,ELK-8,H,H,5,0.4,0.31,0.09,22.5,6,Antibiotic Treated,0.09
120,12,LH-10,A,B,4,0.37,0.27,0.1,27.02702703,6,Antibiotic Treated,0.1
276,12,LH-5,A,C,7,0.4,0.3,0.1,25,6,Antibiotic Treated,0.1
444,12,LH-1,A,E,2,0.36,0.26,0.1,27.77777778,6,Antibiotic Treated,0.1
828,12,LH-10,A,H,10,0.36,0.26,0.1,27.77777778,6,Antibiotic Treated,0.1
360,12,ELK-10,H,D,7,0.44,0.34,0.1,22.72727273,6,Antibiotic Treated,0.1
492,12,ELK-1,H,E,9,0.41,0.31,0.1,24.3902439,6,Antibiotic Treated,0.1
756,12,ELK-6,H,H,3,0.4,0.3,0.1,25,6,Antibiotic Treated,0.1
72,12,CONTROL,C,A,9,0.33,0.22,0.11,33.33333333,6,Antibiotic Treated,0.11
48,12,ELK-7,H,A,6,0.38,0.27,0.11,28.94736842,6,Antibiotic Treated,0.11
108,12,ELK-4,H,B,1,0.42,0.31,0.11,26.19047619,6,Antibiotic Treated,0.11
180,12,ELK-1,H,B,10,0.41,0.3,0.11,26.82926829,6,Antibiotic Treated,0.11
12,12,CONTROL,C,A,2,0.39,0.27,0.12,30.76923077,6,Antibiotic Treated,0.12
432,12,CONTROL,C,E,1,0.36,0.24,0.12,33.33333333,6,Antibiotic Treated,0.12
624,12,CONTROL,C,G,2,0.38,0.26,0.12,31.57894737,6,Antibiotic Treated,0.12
192,12,ELK-3,H,B,11,0.39,0.27,0.12,30.76923077,6,Antibiotic Treated,0.12
780,12,LH-9,A,H,6,0.41,0.28,0.13,31.70731707,6,Antibiotic Treated,0.13
588,12,CONTROL,C,F,10,0.4,0.27,0.13,32.5,6,Antibiotic Treated,0.13
216,12,ELK-9,H,C,2,0.42,0.29,0.13,30.95238095,6,Antibiotic Treated,0.13
420,12,ELK-2,H,D,12,0.38,0.25,0.13,34.21052632,6,Antibiotic Treated,0.13
132,12,CONTROL,C,B,6,0.39,0.25,0.14,35.8974359,6,Antibiotic Treated,0.14
517,12,ELK-3,H,F,2,0.36,0.22,0.14,38.88888889,6,Antibiotic Treated,0.14
36,12,LH-9,A,A,5,0.41,0.26,0.15,36.58536585,6,Antibiotic Treated,0.15
96,12,CONTROL,C,A,11,0.42,0.27,0.15,35.71428571,6,Antibiotic Treated,0.15
228,12,LH-9,A,C,3,0.38,0.22,0.16,42.10526316,6,Antibiotic Treated,0.16
168,12,LH-8,A,B,9,0.46,0.29,0.17,36.95652174,6,Antibiotic Treated,0.17