"","filename_mzML","filename","Sample_Name","Day","Type","Origin","Deploy","Tree_ID","Sample_Order","Extension","filename_extension"
"1","JRD_HFA_MSM_137.mzML","JRD_HFA_MSM_137","SEK1_1_HOK1_15_JRD","Day_15","RTE_Decomp","SEK1","HOK1","SEK1_1",7,".mzML","JRD_HFA_MSM_137.mzML.Peak.area"
"2","JRD_HFA_MSM_82.mzML","JRD_HFA_MSM_82","SEK2_1_SEK2_10_JRD","Day_10","RTE_Decomp","SEK2","SEK2","SEK2_1",8,".mzML","JRD_HFA_MSM_82.mzML.Peak.area"
"3","JRD_HFA_MSM_66.mzML","JRD_HFA_MSM_66","SEK1_2_SEK2_10_JRD","Day_10","RTE_Decomp","SEK1","SEK2","SEK1_2",9,".mzML","JRD_HFA_MSM_66.mzML.Peak.area"
"4","JRD_HFA_MSM_143.mzML","JRD_HFA_MSM_143","SEK1_2_SEK1_15_JRD","Day_15","RTE_Decomp","SEK1","SEK1","SEK1_2",10,".mzML","JRD_HFA_MSM_143.mzML.Peak.area"
"5","JRD_HFA_MSM_350.mzML","JRD_HFA_MSM_350","HOK2_3_m","Day_NA","SAMPLE_POWDER_METAB","HOK2",NA,"HOK2_3",11,".mzML","JRD_HFA_MSM_350.mzML.Peak.area"
"6","JRD_HFA_MSM_209.mzML","JRD_HFA_MSM_209","HOK2_4_HOK1_20_JRD","Day_20","RTE_Decomp","HOK2","HOK1","HOK2_4",12,".mzML","JRD_HFA_MSM_209.mzML.Peak.area"
"7","JRD_HFA_MSM_277.mzML","JRD_HFA_MSM_277","HOK2_1_SEK1_5_JRD","Day_5","RTE_Decomp","HOK2","SEK1","HOK2_1",13,".mzML","JRD_HFA_MSM_277.mzML.Peak.area"
"8","JRD_HFA_MSM_61.mzML","JRD_HFA_MSM_61","SEK1_1_SEK1_10_JRD","Day_10","RTE_Decomp","SEK1","SEK1","SEK1_1",14,".mzML","JRD_HFA_MSM_61.mzML.Peak.area"
"9","JRD_HFA_MSM_310.mzML","JRD_HFA_MSM_310","SEK1_5_HOK2_5_JRD","Day_5","RTE_Decomp","SEK1","HOK2","SEK1_5",15,".mzML","JRD_HFA_MSM_310.mzML.Peak.area"
"10","JRD_HFA_MSM_332.mzML","JRD_HFA_MSM_332","SEK2_5_SEK2_5_JRD","Day_5","RTE_Decomp","SEK2","SEK2","SEK2_5",16,".mzML","JRD_HFA_MSM_332.mzML.Peak.area"
"11","JRD_HFA_MSM_25.mzML","JRD_HFA_MSM_25","HOK1_2_HOK1_10_JRD","Day_10","RTE_Decomp","HOK1","HOK1","HOK1_2",21,".mzML","JRD_HFA_MSM_25.mzML.Peak.area"
"12","JRD_HFA_MSM_254.mzML","JRD_HFA_MSM_254","SEK2_5_SEK2_20_JRD","Day_20","RTE_Decomp","SEK2","SEK2","SEK2_5",22,".mzML","JRD_HFA_MSM_254.mzML.Peak.area"
"13","JRD_HFA_MSM_170.mzML","JRD_HFA_MSM_170","SEK2_4_HOK2_15_JRD","Day_15","RTE_Decomp","SEK2","HOK2","SEK2_4",23,".mzML","JRD_HFA_MSM_170.mzML.Peak.area"
"14","JRD_HFA_MSM_169.mzML","JRD_HFA_MSM_169","SEK2_4_HOK1_15_JRD","Day_15","RTE_Decomp","SEK2","HOK1","SEK2_4",24,".mzML","JRD_HFA_MSM_169.mzML.Peak.area"
"15","JRD_HFA_MSM_326.mzML","JRD_HFA_MSM_326","SEK2_4_HOK2_5_JRD","Day_5","RTE_Decomp","SEK2","HOK2","SEK2_4",25,".mzML","JRD_HFA_MSM_326.mzML.Peak.area"
"16","JRD_HFA_MSM_141.mzML","JRD_HFA_MSM_141","SEK1_2_HOK1_15_JRD","Day_15","RTE_Decomp","SEK1","HOK1","SEK1_2",26,".mzML","JRD_HFA_MSM_141.mzML.Peak.area"
"17","JRD_HFA_MSM_26.mzML","JRD_HFA_MSM_26","HOK1_2_HOK2_10_JRD","Day_10","RTE_Decomp","HOK1","HOK2","HOK1_2",27,".mzML","JRD_HFA_MSM_26.mzML.Peak.area"
"18","JRD_HFA_MSM_150.mzML","JRD_HFA_MSM_150","SEK1_4_HOK2_15_JRD","Day_15","RTE_Decomp","SEK1","HOK2","SEK1_4",28,".mzML","JRD_HFA_MSM_150.mzML.Peak.area"
"19","JRD_HFA_MSM_40.mzML","JRD_HFA_MSM_40","HOK1_5_SEK2_10_JRD","Day_10","RTE_Decomp","HOK1","SEK2","HOK1_5",29,".mzML","JRD_HFA_MSM_40.mzML.Peak.area"
"20","JRD_HFA_MSM_242.mzML","JRD_HFA_MSM_242","SEK2_2_SEK2_20_JRD","Day_20","RTE_Decomp","SEK2","SEK2","SEK2_2",30,".mzML","JRD_HFA_MSM_242.mzML.Peak.area"
"21","JRD_HFA_MSM_193.mzML","JRD_HFA_MSM_193","HOK1_5_HOK1_20_JRD","Day_20","RTE_Decomp","HOK1","HOK1","HOK1_5",35,".mzML","JRD_HFA_MSM_193.mzML.Peak.area"
"22","JRD_HFA_MSM_291.mzML","JRD_HFA_MSM_291","HOK2_5_HOK2_5_JRD","Day_5","RTE_Decomp","HOK2","HOK2","HOK2_5",36,".mzML","JRD_HFA_MSM_291.mzML.Peak.area"
"23","JRD_HFA_MSM_225.mzML","JRD_HFA_MSM_225","SEK1_3_SEK1_20_JRD","Day_20","RTE_Decomp","SEK1","SEK1","SEK1_3",37,".mzML","JRD_HFA_MSM_225.mzML.Peak.area"
"24","JRD_HFA_MSM_304.mzML","JRD_HFA_MSM_304","SEK1_3_SEK2_5_JRD","Day_5","RTE_Decomp","SEK1","SEK2","SEK1_3",38,".mzML","JRD_HFA_MSM_304.mzML.Peak.area"
"25","JRD_HFA_MSM_116.mzML","JRD_HFA_MSM_116","HOK1_5_HOK2_15_JRD","Day_15","RTE_Decomp","HOK1","HOK2","HOK1_5",39,".mzML","JRD_HFA_MSM_116.mzML.Peak.area"
"26","JRD_HFA_MSM_69.mzML","JRD_HFA_MSM_69","SEK1_3_SEK1_10_JRD","Day_10","RTE_Decomp","SEK1","SEK1","SEK1_3",40,".mzML","JRD_HFA_MSM_69.mzML.Peak.area"
"27","JRD_HFA_MSM_168.mzML","JRD_HFA_MSM_168","SEK2_3_SEK2_15_JRD","Day_15","RTE_Decomp","SEK2","SEK2","SEK2_3",41,".mzML","JRD_HFA_MSM_168.mzML.Peak.area"
"28","JRD_HFA_MSM_115.mzML","JRD_HFA_MSM_115","HOK1_5_HOK1_15_JRD","Day_15","RTE_Decomp","HOK1","HOK1","HOK1_5",42,".mzML","JRD_HFA_MSM_115.mzML.Peak.area"
"29","JRD_HFA_MSM_102.mzML","JRD_HFA_MSM_102","HOK1_1_SEK2_15_JRD","Day_15","RTE_Decomp","HOK1","SEK2","HOK1_1",43,".mzML","JRD_HFA_MSM_102.mzML.Peak.area"
"30","JRD_HFA_MSM_134.mzML","JRD_HFA_MSM_134","HOK2_4_SEK2_15_JRD","Day_15","RTE_Decomp","HOK2","SEK2","HOK2_4",44,".mzML","JRD_HFA_MSM_134.mzML.Peak.area"
"31","JRD_HFA_MSM_288.mzML","JRD_HFA_MSM_288","HOK2_4_HOK2_5_JRD","Day_5","RTE_Decomp","HOK2","HOK2","HOK2_4",49,".mzML","JRD_HFA_MSM_288.mzML.Peak.area"
"32","JRD_HFA_MSM_236.mzML","JRD_HFA_MSM_236","SEK2_1_HOK2_20_JRD","Day_20","RTE_Decomp","SEK2","HOK2","SEK2_1",50,".mzML","JRD_HFA_MSM_236.mzML.Peak.area"
"33","JRD_HFA_MSM_153.mzML","JRD_HFA_MSM_153","SEK1_5_HOK1_15_JRD","Day_15","RTE_Decomp","SEK1","HOK1","SEK1_5",51,".mzML","JRD_HFA_MSM_153.mzML.Peak.area"
"34","JRD_HFA_MSM_131.mzML","JRD_HFA_MSM_131","HOK2_4_HOK1_15_JRD","Day_15","RTE_Decomp","HOK2","HOK1","HOK2_4",52,".mzML","JRD_HFA_MSM_131.mzML.Peak.area"
"35","JRD_HFA_MSM_72.mzML","JRD_HFA_MSM_72","SEK1_4_HOK2_10_JRD","Day_10","RTE_Decomp","SEK1","HOK2","SEK1_4",53,".mzML","JRD_HFA_MSM_72.mzML.Peak.area"
"36","JRD_HFA_MSM_238.mzML","JRD_HFA_MSM_238","SEK2_1_SEK2_20_JRD","Day_20","RTE_Decomp","SEK2","SEK2","SEK2_1",54,".mzML","JRD_HFA_MSM_238.mzML.Peak.area"
"37","JRD_HFA_MSM_158.mzML","JRD_HFA_MSM_158","SEK2_1_HOK2_15_JRD","Day_15","RTE_Decomp","SEK2","HOK2","SEK2_1",55,".mzML","JRD_HFA_MSM_158.mzML.Peak.area"
"38","JRD_HFA_MSM_331.mzML","JRD_HFA_MSM_331","SEK2_5_SEK1_5_JRD","Day_5","RTE_Decomp","SEK2","SEK1","SEK2_5",56,".mzML","JRD_HFA_MSM_331.mzML.Peak.area"
"39","JRD_HFA_MSM_113.mzML","JRD_HFA_MSM_113","HOK1_4_SEK1_15_JRD","Day_15","RTE_Decomp","HOK1","SEK1","HOK1_4",57,".mzML","JRD_HFA_MSM_113.mzML.Peak.area"
"40","JRD_HFA_MSM_95.mzML","JRD_HFA_MSM_95","SEK2_5_HOK1_10_JRD","Day_10","RTE_Decomp","SEK2","HOK1","SEK2_5",58,".mzML","JRD_HFA_MSM_95.mzML.Peak.area"
"41","JRD_HFA_MSM_64.mzML","JRD_HFA_MSM_64","SEK1_2_HOK2_10_JRD","Day_10","RTE_Decomp","SEK1","HOK2","SEK1_2",63,".mzML","JRD_HFA_MSM_64.mzML.Peak.area"
"42","JRD_HFA_MSM_46.mzML","JRD_HFA_MSM_46","HOK2_2_HOK2_10_JRD","Day_10","RTE_Decomp","HOK2","HOK2","HOK2_2",64,".mzML","JRD_HFA_MSM_46.mzML.Peak.area"
"43","JRD_HFA_MSM_16.mzML","JRD_HFA_MSM_16","SEK2_1_HOK1_0_JRD",NA,"Fresh_Leaves","SEK2",NA,"SEK2_1",65,".mzML","JRD_HFA_MSM_16.mzML.Peak.area"
"44","JRD_HFA_MSM_253.mzML","JRD_HFA_MSM_253","SEK2_5_SEK1_20_JRD","Day_20","RTE_Decomp","SEK2","SEK1","SEK2_5",66,".mzML","JRD_HFA_MSM_253.mzML.Peak.area"
"45","JRD_HFA_MSM_340.mzML","JRD_HFA_MSM_340","SEK2_3_m","Day_NA","SAMPLE_POWDER_METAB","SEK2",NA,"SEK2_3",67,".mzML","JRD_HFA_MSM_340.mzML.Peak.area"
"46","JRD_HFA_MSM_154.mzML","JRD_HFA_MSM_154","SEK1_5_HOK2_15_JRD","Day_15","RTE_Decomp","SEK1","HOK2","SEK1_5",68,".mzML","JRD_HFA_MSM_154.mzML.Peak.area"
"47","JRD_HFA_MSM_160.mzML","JRD_HFA_MSM_160","SEK2_1_SEK2_15_JRD","Day_15","RTE_Decomp","SEK2","SEK2","SEK2_1",69,".mzML","JRD_HFA_MSM_160.mzML.Peak.area"
"48","JRD_HFA_MSM_275.mzML","JRD_HFA_MSM_275","HOK2_1_HOK1_5_JRD","Day_5","RTE_Decomp","HOK2","HOK1","HOK2_1",70,".mzML","JRD_HFA_MSM_275.mzML.Peak.area"
"49","JRD_HFA_MSM_41.mzML","JRD_HFA_MSM_41","HOK2_1_HOK1_10_JRD","Day_10","RTE_Decomp","HOK2","HOK1","HOK2_1",71,".mzML","JRD_HFA_MSM_41.mzML.Peak.area"
"50","JRD_HFA_MSM_337.mzML","JRD_HFA_MSM_337","SEK1_5_m","Day_NA","SAMPLE_POWDER_METAB","SEK1",NA,"SEK1_5",72,".mzML","JRD_HFA_MSM_337.mzML.Peak.area"
"51","JRD_HFA_MSM_91.mzML","JRD_HFA_MSM_91","SEK2_4_HOK1_10_JRD","Day_10","RTE_Decomp","SEK2","HOK1","SEK2_4",77,".mzML","JRD_HFA_MSM_91.mzML.Peak.area"
"52","JRD_HFA_MSM_318.mzML","JRD_HFA_MSM_318","SEK2_2_HOK2_5_JRD","Day_5","RTE_Decomp","SEK2","HOK2","SEK2_2",78,".mzML","JRD_HFA_MSM_318.mzML.Peak.area"
"53","JRD_HFA_MSM_23.mzML","JRD_HFA_MSM_23","HOK1_1_SEK1_10_JRD","Day_10","RTE_Decomp","HOK1","SEK1","HOK1_1",79,".mzML","JRD_HFA_MSM_23.mzML.Peak.area"
"54","JRD_HFA_MSM_257.mzML","JRD_HFA_MSM_257","HOK1_1_SEK1_5_JRD","Day_5","RTE_Decomp","HOK1","SEK1","HOK1_1",80,".mzML","JRD_HFA_MSM_257.mzML.Peak.area"
"55","JRD_HFA_MSM_336.mzML","JRD_HFA_MSM_336","SEK1_4_m","Day_NA","SAMPLE_POWDER_METAB","SEK1",NA,"SEK1_4",81,".mzML","JRD_HFA_MSM_336.mzML.Peak.area"
"56","JRD_HFA_MSM_339.mzML","JRD_HFA_MSM_339","SEK2_2_m","Day_NA","SAMPLE_POWDER_METAB","SEK2",NA,"SEK2_2",82,".mzML","JRD_HFA_MSM_339.mzML.Peak.area"
"57","JRD_HFA_MSM_243.mzML","JRD_HFA_MSM_243","SEK2_3_HOK1_20_JRD","Day_20","RTE_Decomp","SEK2","HOK1","SEK2_3",83,".mzML","JRD_HFA_MSM_243.mzML.Peak.area"
"58","JRD_HFA_MSM_197.mzML","JRD_HFA_MSM_197","HOK2_1_HOK1_20_JRD","Day_20","RTE_Decomp","HOK2","HOK1","HOK2_1",84,".mzML","JRD_HFA_MSM_197.mzML.Peak.area"
"59","JRD_HFA_MSM_56.mzML","JRD_HFA_MSM_56","HOK2_4_SEK2_10_JRD","Day_10","RTE_Decomp","HOK2","SEK2","HOK2_4",85,".mzML","JRD_HFA_MSM_56.mzML.Peak.area"
"60","JRD_HFA_MSM_120.mzML","JRD_HFA_MSM_120","HOK2_1_HOK2_15_JRD","Day_15","RTE_Decomp","HOK2","HOK2","HOK2_1",86,".mzML","JRD_HFA_MSM_120.mzML.Peak.area"
"61","JRD_HFA_MSM_106.mzML","JRD_HFA_MSM_106","HOK1_2_SEK2_15_JRD","Day_15","RTE_Decomp","HOK1","SEK2","HOK1_2",91,".mzML","JRD_HFA_MSM_106.mzML.Peak.area"
"62","JRD_HFA_MSM_250.mzML","JRD_HFA_MSM_250","SEK2_4_SEK2_20_JRD","Day_20","RTE_Decomp","SEK2","SEK2","SEK2_4",92,".mzML","JRD_HFA_MSM_250.mzML.Peak.area"
"63","JRD_HFA_MSM_290.mzML","JRD_HFA_MSM_290","HOK2_4_SEK2_5_JRD","Day_5","RTE_Decomp","HOK2","SEK2","HOK2_4",93,".mzML","JRD_HFA_MSM_290.mzML.Peak.area"
"64","JRD_HFA_MSM_345.mzML","JRD_HFA_MSM_345","HOK1_3_m","Day_NA","SAMPLE_POWDER_METAB","HOK1",NA,"HOK1_3",94,".mzML","JRD_HFA_MSM_345.mzML.Peak.area"
"65","JRD_HFA_MSM_17.mzML","JRD_HFA_MSM_17","SEK2_2_HOK1_0_JRD",NA,"Fresh_Leaves","SEK2",NA,"SEK2_2",95,".mzML","JRD_HFA_MSM_17.mzML.Peak.area"
"66","JRD_HFA_MSM_164.mzML","JRD_HFA_MSM_164","SEK2_2_SEK2_15_JRD","Day_15","RTE_Decomp","SEK2","SEK2","SEK2_2",96,".mzML","JRD_HFA_MSM_164.mzML.Peak.area"
"67","JRD_HFA_MSM_31.mzML","JRD_HFA_MSM_31","HOK1_3_SEK1_10_JRD","Day_10","RTE_Decomp","HOK1","SEK1","HOK1_3",97,".mzML","JRD_HFA_MSM_31.mzML.Peak.area"
"68","JRD_HFA_MSM_343.mzML","JRD_HFA_MSM_343","HOK1_1_m","Day_NA","SAMPLE_POWDER_METAB","HOK1",NA,"HOK1_1",98,".mzML","JRD_HFA_MSM_343.mzML.Peak.area"
"69","JRD_HFA_MSM_9.mzML","JRD_HFA_MSM_9","HOK2_4_HOK1_0_JRD",NA,"Fresh_Leaves","HOK2",NA,"HOK2_4",99,".mzML","JRD_HFA_MSM_9.mzML.Peak.area"
"70","JRD_HFA_MSM_28.mzML","JRD_HFA_MSM_28","HOK1_2_SEK2_10_JRD","Day_10","RTE_Decomp","HOK1","SEK2","HOK1_2",100,".mzML","JRD_HFA_MSM_28.mzML.Peak.area"
"71","JRD_HFA_MSM_351.mzML","JRD_HFA_MSM_351","HOK2_4_m","Day_NA","SAMPLE_POWDER_METAB","HOK2",NA,"HOK2_4",105,".mzML","JRD_HFA_MSM_351.mzML.Peak.area"
"72","JRD_HFA_MSM_124.mzML","JRD_HFA_MSM_124","HOK2_2_HOK2_15_JRD","Day_15","RTE_Decomp","HOK2","HOK2","HOK2_2",106,".mzML","JRD_HFA_MSM_124.mzML.Peak.area"
"73","JRD_HFA_MSM_174.mzML","JRD_HFA_MSM_174","SEK2_5_HOK2_15_JRD","Day_15","RTE_Decomp","SEK2","HOK2","SEK2_5",107,".mzML","JRD_HFA_MSM_174.mzML.Peak.area"
"74","JRD_HFA_MSM_329.mzML","JRD_HFA_MSM_329","SEK2_5_HOK1_5_JRD","Day_5","RTE_Decomp","SEK2","HOK1","SEK2_5",108,".mzML","JRD_HFA_MSM_329.mzML.Peak.area"
"75","JRD_HFA_MSM_110.mzML","JRD_HFA_MSM_110","HOK1_3_SEK2_15_JRD","Day_15","RTE_Decomp","HOK1","SEK2","HOK1_3",109,".mzML","JRD_HFA_MSM_110.mzML.Peak.area"
"76","JRD_HFA_MSM_217.mzML","JRD_HFA_MSM_217","SEK1_1_SEK1_20_JRD","Day_20","RTE_Decomp","SEK1","SEK1","SEK1_1",110,".mzML","JRD_HFA_MSM_217.mzML.Peak.area"
"77","JRD_HFA_MSM_172.mzML","JRD_HFA_MSM_172","SEK2_4_SEK2_15_JRD","Day_15","RTE_Decomp","SEK2","SEK2","SEK2_4",111,".mzML","JRD_HFA_MSM_172.mzML.Peak.area"
"78","JRD_HFA_MSM_284.mzML","JRD_HFA_MSM_284","HOK2_3_HOK2_5_JRD","Day_5","RTE_Decomp","HOK2","HOK2","HOK2_3",112,".mzML","JRD_HFA_MSM_284.mzML.Peak.area"
"79","JRD_HFA_MSM_191.mzML","JRD_HFA_MSM_191","HOK1_4_SEK1_20_JRD","Day_20","RTE_Decomp","HOK1","SEK1","HOK1_4",113,".mzML","JRD_HFA_MSM_191.mzML.Peak.area"
"80","JRD_HFA_MSM_241.mzML","JRD_HFA_MSM_241","SEK2_2_SEK1_20_JRD","Day_20","RTE_Decomp","SEK2","SEK1","SEK2_2",114,".mzML","JRD_HFA_MSM_241.mzML.Peak.area"
"81","JRD_HFA_MSM_94.mzML","JRD_HFA_MSM_94","SEK2_4_SEK2_10_JRD","Day_10","RTE_Decomp","SEK2","SEK2","SEK2_4",119,".mzML","JRD_HFA_MSM_94.mzML.Peak.area"
"82","JRD_HFA_MSM_118.mzML","JRD_HFA_MSM_118","HOK1_5_SEK2_15_JRD","Day_15","RTE_Decomp","HOK1","SEK2","HOK1_5",120,".mzML","JRD_HFA_MSM_118.mzML.Peak.area"
"83","JRD_HFA_MSM_128.mzML","JRD_HFA_MSM_128","HOK2_3_HOK2_15_JRD","Day_15","RTE_Decomp","HOK2","HOK2","HOK2_3",121,".mzML","JRD_HFA_MSM_128.mzML.Peak.area"
"84","JRD_HFA_MSM_5.mzML","JRD_HFA_MSM_5","HOK1_5_HOK1_0_JRD",NA,"Fresh_Leaves","HOK1",NA,"HOK1_5",122,".mzML","JRD_HFA_MSM_5.mzML.Peak.area"
"85","JRD_HFA_MSM_301.mzML","JRD_HFA_MSM_301","SEK1_3_HOK1_5_JRD","Day_5","RTE_Decomp","SEK1","HOK1","SEK1_3",123,".mzML","JRD_HFA_MSM_301.mzML.Peak.area"
"86","JRD_HFA_MSM_180.mzML","JRD_HFA_MSM_180","HOK1_1_SEK2_20_JRD","Day_20","RTE_Decomp","HOK1","SEK2","HOK1_1",124,".mzML","JRD_HFA_MSM_180.mzML.Peak.area"
"87","JRD_CGM_358.mzML","JRD_CGM_358","LH-9_m","Day_NA","SAMPLE_POWDER_METAB","LH1",NA,"LH9",125,".mzML","JRD_CGM_358.mzML.Peak.area"
"88","JRD_HFA_MSM_283.mzML","JRD_HFA_MSM_283","HOK2_3_HOK1_5_JRD","Day_5","RTE_Decomp","HOK2","HOK1","HOK2_3",126,".mzML","JRD_HFA_MSM_283.mzML.Peak.area"
"89","JRD_HFA_MSM_220.mzML","JRD_HFA_MSM_220","SEK1_2_HOK2_20_JRD","Day_20","RTE_Decomp","SEK1","HOK2","SEK1_2",127,".mzML","JRD_HFA_MSM_220.mzML.Peak.area"
"90","JRD_HFA_MSM_292.mzML","JRD_HFA_MSM_292","HOK2_5_SEK2_5_JRD","Day_5","RTE_Decomp","HOK2","SEK2","HOK2_5",128,".mzML","JRD_HFA_MSM_292.mzML.Peak.area"
"91","JRD_HFA_MSM_227.mzML","JRD_HFA_MSM_227","SEK1_4_HOK1_20_JRD","Day_20","RTE_Decomp","SEK1","HOK1","SEK1_4",133,".mzML","JRD_HFA_MSM_227.mzML.Peak.area"
"92","JRD_HFA_MSM_19.mzML","JRD_HFA_MSM_19","SEK2_4_HOK1_0_JRD",NA,"Fresh_Leaves","SEK2",NA,"SEK2_4",134,".mzML","JRD_HFA_MSM_19.mzML.Peak.area"
"93","JRD_HFA_MSM_321.mzML","JRD_HFA_MSM_321","SEK2_3_HOK1_5_JRD","Day_5","RTE_Decomp","SEK2","HOK1","SEK2_3",135,".mzML","JRD_HFA_MSM_321.mzML.Peak.area"
"94","JRD_HFA_MSM_70.mzML","JRD_HFA_MSM_70","SEK1_3_SEK2_10_JRD","Day_10","RTE_Decomp","SEK1","SEK2","SEK1_3",136,".mzML","JRD_HFA_MSM_70.mzML.Peak.area"
"95","JRD_HFA_MSM_18.mzML","JRD_HFA_MSM_18","SEK2_3_HOK1_0_JRD",NA,"Fresh_Leaves","SEK2",NA,"SEK2_3",137,".mzML","JRD_HFA_MSM_18.mzML.Peak.area"
"96","JRD_HFA_MSM_266.mzML","JRD_HFA_MSM_266","HOK1_3_SEK2_5_JRD","Day_5","RTE_Decomp","HOK1","SEK2","HOK1_3",138,".mzML","JRD_HFA_MSM_266.mzML.Peak.area"
"97","JRD_HFA_MSM_352.mzML","JRD_HFA_MSM_352","HOK2_5_m","Day_NA","SAMPLE_POWDER_METAB","HOK2",NA,"HOK2_5",139,".mzML","JRD_HFA_MSM_352.mzML.Peak.area"
"98","JRD_HFA_MSM_188.mzML","JRD_HFA_MSM_188","HOK1_3_SEK2_20_JRD","Day_20","RTE_Decomp","HOK1","SEK2","HOK1_3",140,".mzML","JRD_HFA_MSM_188.mzML.Peak.area"
"99","JRD_HFA_MSM_280.mzML","JRD_HFA_MSM_280","HOK2_2_HOK2_5_JRD","Day_5","RTE_Decomp","HOK2","HOK2","HOK2_2",141,".mzML","JRD_HFA_MSM_280.mzML.Peak.area"
"100","JRD_HFA_MSM_317.mzML","JRD_HFA_MSM_317","SEK2_2_HOK1_5_JRD","Day_5","RTE_Decomp","SEK2","HOK1","SEK2_2",142,".mzML","JRD_HFA_MSM_317.mzML.Peak.area"
"101","JRD_CGM_356.mzML","JRD_CGM_356","LH-5_m","Day_NA","SAMPLE_POWDER_METAB","LH1",NA,"LH5",147,".mzML","JRD_CGM_356.mzML.Peak.area"
"102","JRD_HFA_MSM_297.mzML","JRD_HFA_MSM_297","SEK1_2_HOK1_5_JRD","Day_5","RTE_Decomp","SEK1","HOK1","SEK1_2",148,".mzML","JRD_HFA_MSM_297.mzML.Peak.area"
"103","JRD_HFA_MSM_67.mzML","JRD_HFA_MSM_67","SEK1_3_HOK1_10_JRD","Day_10","RTE_Decomp","SEK1","HOK1","SEK1_3",149,".mzML","JRD_HFA_MSM_67.mzML.Peak.area"
"104","JRD_HFA_MSM_293.mzML","JRD_HFA_MSM_293","SEK1_1_HOK1_5_JRD","Day_5","RTE_Decomp","SEK1","HOK1","SEK1_1",150,".mzML","JRD_HFA_MSM_293.mzML.Peak.area"
"105","JRD_HFA_MSM_206.mzML","JRD_HFA_MSM_206","HOK2_3_HOK2_20_JRD","Day_20","RTE_Decomp","HOK2","HOK2","HOK2_3",151,".mzML","JRD_HFA_MSM_206.mzML.Peak.area"
"106","JRD_HFA_MSM_278.mzML","JRD_HFA_MSM_278","HOK2_1_SEK2_5_JRD","Day_5","RTE_Decomp","HOK2","SEK2","HOK2_1",152,".mzML","JRD_HFA_MSM_278.mzML.Peak.area"
"107","JRD_HFA_MSM_77.mzML","JRD_HFA_MSM_77","SEK1_5_SEK1_10_JRD","Day_10","RTE_Decomp","SEK1","SEK1","SEK1_5",153,".mzML","JRD_HFA_MSM_77.mzML.Peak.area"
"108","JRD_HFA_MSM_65.mzML","JRD_HFA_MSM_65","SEK1_2_SEK1_10_JRD","Day_10","RTE_Decomp","SEK1","SEK1","SEK1_2",154,".mzML","JRD_HFA_MSM_65.mzML.Peak.area"
"109","JRD_HFA_MSM_338.mzML","JRD_HFA_MSM_338","SEK2_1_m","Day_NA","SAMPLE_POWDER_METAB","SEK2",NA,"SEK2_1",155,".mzML","JRD_HFA_MSM_338.mzML.Peak.area"
"110","JRD_HFA_MSM_50.mzML","JRD_HFA_MSM_50","HOK2_3_HOK2_10_JRD","Day_10","RTE_Decomp","HOK2","HOK2","HOK2_3",156,".mzML","JRD_HFA_MSM_50.mzML.Peak.area"
"111","JRD_HFA_MSM_99.mzML","JRD_HFA_MSM_99","HOK1_1_HOK1_15_JRD","Day_15","RTE_Decomp","HOK1","HOK1","HOK1_1",161,".mzML","JRD_HFA_MSM_99.mzML.Peak.area"
"112","JRD_HFA_MSM_234.mzML","JRD_HFA_MSM_234","SEK1_5_SEK2_20_JRD","Day_20","RTE_Decomp","SEK1","SEK2","SEK1_5",162,".mzML","JRD_HFA_MSM_234.mzML.Peak.area"
"113","JRD_HFA_MSM_187.mzML","JRD_HFA_MSM_187","HOK1_3_SEK1_20_JRD","Day_20","RTE_Decomp","HOK1","SEK1","HOK1_3",163,".mzML","JRD_HFA_MSM_187.mzML.Peak.area"
"114","JRD_HFA_MSM_322.mzML","JRD_HFA_MSM_322","SEK2_3_HOK2_5_JRD","Day_5","RTE_Decomp","SEK2","HOK2","SEK2_3",164,".mzML","JRD_HFA_MSM_322.mzML.Peak.area"
"115","JRD_HFA_MSM_256.mzML","JRD_HFA_MSM_256","HOK1_1_HOK2_5_JRD","Day_5","RTE_Decomp","HOK1","HOK2","HOK1_1",165,".mzML","JRD_HFA_MSM_256.mzML.Peak.area"
"116","JRD_HFA_MSM_247.mzML","JRD_HFA_MSM_247","SEK2_4_HOK1_20_JRD","Day_20","RTE_Decomp","SEK2","HOK1","SEK2_4",166,".mzML","JRD_HFA_MSM_247.mzML.Peak.area"
"117","JRD_HFA_MSM_117.mzML","JRD_HFA_MSM_117","HOK1_5_SEK1_15_JRD","Day_15","RTE_Decomp","HOK1","SEK1","HOK1_5",167,".mzML","JRD_HFA_MSM_117.mzML.Peak.area"
"118","JRD_HFA_MSM_260.mzML","JRD_HFA_MSM_260","HOK1_2_HOK2_5_JRD","Day_5","RTE_Decomp","HOK1","HOK2","HOK1_2",168,".mzML","JRD_HFA_MSM_260.mzML.Peak.area"
"119","JRD_HFA_MSM_289.mzML","JRD_HFA_MSM_289","HOK2_4_SEK1_5_JRD","Day_5","RTE_Decomp","HOK2","SEK1","HOK2_4",169,".mzML","JRD_HFA_MSM_289.mzML.Peak.area"
"120","JRD_HFA_MSM_135.mzML","JRD_HFA_MSM_135","HOK2_5_HOK2_15_JRD","Day_15","RTE_Decomp","HOK2","HOK2","HOK2_5",170,".mzML","JRD_HFA_MSM_135.mzML.Peak.area"
"121","JRD_HFA_MSM_4.mzML","JRD_HFA_MSM_4","HOK1_4_HOK1_0_JRD",NA,"Fresh_Leaves","HOK1",NA,"HOK1_4",175,".mzML","JRD_HFA_MSM_4.mzML.Peak.area"
"122","JRD_HFA_MSM_140.mzML","JRD_HFA_MSM_140","SEK1_1_SEK2_15_JRD","Day_15","RTE_Decomp","SEK1","SEK2","SEK1_1",176,".mzML","JRD_HFA_MSM_140.mzML.Peak.area"
"123","JRD_HFA_MSM_54.mzML","JRD_HFA_MSM_54","HOK2_4_HOK2_10_JRD","Day_10","RTE_Decomp","HOK2","HOK2","HOK2_4",177,".mzML","JRD_HFA_MSM_54.mzML.Peak.area"
"124","JRD_HFA_MSM_270.mzML","JRD_HFA_MSM_270","HOK1_4_SEK2_5_JRD","Day_5","RTE_Decomp","HOK1","SEK2","HOK1_4",178,".mzML","JRD_HFA_MSM_270.mzML.Peak.area"
"125","JRD_HFA_MSM_244.mzML","JRD_HFA_MSM_244","SEK2_3_HOK2_20_JRD","Day_20","RTE_Decomp","SEK2","HOK2","SEK2_3",179,".mzML","JRD_HFA_MSM_244.mzML.Peak.area"
"126","JRD_HFA_MSM_222.mzML","JRD_HFA_MSM_222","SEK1_2_SEK2_20_JRD","Day_20","RTE_Decomp","SEK1","SEK2","SEK1_2",180,".mzML","JRD_HFA_MSM_222.mzML.Peak.area"
"127","JRD_HFA_MSM_246.mzML","JRD_HFA_MSM_246","SEK2_3_SEK2_20_JRD","Day_20","RTE_Decomp","SEK2","SEK2","SEK2_3",181,".mzML","JRD_HFA_MSM_246.mzML.Peak.area"
"128","JRD_HFA_MSM_24.mzML","JRD_HFA_MSM_24","HOK1_1_SEK2_10_JRD","Day_10","RTE_Decomp","HOK1","SEK2","HOK1_1",182,".mzML","JRD_HFA_MSM_24.mzML.Peak.area"
"129","JRD_HFA_MSM_139.mzML","JRD_HFA_MSM_139","SEK1_1_SEK1_15_JRD","Day_15","RTE_Decomp","SEK1","SEK1","SEK1_1",183,".mzML","JRD_HFA_MSM_139.mzML.Peak.area"
"130","JRD_HFA_MSM_309.mzML","JRD_HFA_MSM_309","SEK1_5_HOK1_5_JRD","Day_5","RTE_Decomp","SEK1","HOK1","SEK1_5",184,".mzML","JRD_HFA_MSM_309.mzML.Peak.area"
"131","JRD_HFA_MSM_149.mzML","JRD_HFA_MSM_149","SEK1_4_HOK1_15_JRD","Day_15","RTE_Decomp","SEK1","HOK1","SEK1_4",189,".mzML","JRD_HFA_MSM_149.mzML.Peak.area"
"132","JRD_HFA_MSM_109.mzML","JRD_HFA_MSM_109","HOK1_3_SEK1_15_JRD","Day_15","RTE_Decomp","HOK1","SEK1","HOK1_3",190,".mzML","JRD_HFA_MSM_109.mzML.Peak.area"
"133","JRD_CGM_361.mzML","JRD_CGM_361","ELK3_m","Day_NA","SAMPLE_POWDER_METAB","ELK",NA,"ELK3",191,".mzML","JRD_CGM_361.mzML.Peak.area"
"134","JRD_HFA_MSM_239.mzML","JRD_HFA_MSM_239","SEK2_2_HOK1_20_JRD","Day_20","RTE_Decomp","SEK2","HOK1","SEK2_2",192,".mzML","JRD_HFA_MSM_239.mzML.Peak.area"
"135","JRD_HFA_MSM_286.mzML","JRD_HFA_MSM_286","HOK2_3_SEK2_5_JRD","Day_5","RTE_Decomp","HOK2","SEK2","HOK2_3",193,".mzML","JRD_HFA_MSM_286.mzML.Peak.area"
"136","JRD_HFA_MSM_166.mzML","JRD_HFA_MSM_166","SEK2_3_HOK2_15_JRD","Day_15","RTE_Decomp","SEK2","HOK2","SEK2_3",194,".mzML","JRD_HFA_MSM_166.mzML.Peak.area"
"137","JRD_HFA_MSM_138.mzML","JRD_HFA_MSM_138","SEK1_1_HOK2_15_JRD","Day_15","RTE_Decomp","SEK1","HOK2","SEK1_1",195,".mzML","JRD_HFA_MSM_138.mzML.Peak.area"
"138","JRD_HFA_MSM_287.mzML","JRD_HFA_MSM_287","HOK2_4_HOK1_5_JRD","Day_5","RTE_Decomp","HOK2","HOK1","HOK2_4",196,".mzML","JRD_HFA_MSM_287.mzML.Peak.area"
"139","JRD_HFA_MSM_190.mzML","JRD_HFA_MSM_190","HOK1_4_HOK2_20_JRD","Day_20","RTE_Decomp","HOK1","HOK2","HOK1_4",197,".mzML","JRD_HFA_MSM_190.mzML.Peak.area"
"140","JRD_HFA_MSM_75.mzML","JRD_HFA_MSM_75","SEK1_5_HOK1_10_JRD","Day_10","RTE_Decomp","SEK1","HOK1","SEK1_5",198,".mzML","JRD_HFA_MSM_75.mzML.Peak.area"
"141","JRD_HFA_MSM_108.mzML","JRD_HFA_MSM_108","HOK1_3_HOK2_15_JRD","Day_15","RTE_Decomp","HOK1","HOK2","HOK1_3",203,".mzML","JRD_HFA_MSM_108.mzML.Peak.area"
"142","JRD_HFA_MSM_114.mzML","JRD_HFA_MSM_114","HOK1_4_SEK2_15_JRD","Day_15","RTE_Decomp","HOK1","SEK2","HOK1_4",204,".mzML","JRD_HFA_MSM_114.mzML.Peak.area"
"143","JRD_HFA_MSM_3.mzML","JRD_HFA_MSM_3","HOK1_3_HOK1_0_JRD",NA,"Fresh_Leaves","HOK1",NA,"HOK1_3",205,".mzML","JRD_HFA_MSM_3.mzML.Peak.area"
"144","JRD_HFA_MSM_84.mzML","JRD_HFA_MSM_84","SEK2_2_HOK2_10_JRD","Day_10","RTE_Decomp","SEK2","HOK2","SEK2_2",206,".mzML","JRD_HFA_MSM_84.mzML.Peak.area"
"145","JRD_HFA_MSM_112.mzML","JRD_HFA_MSM_112","HOK1_4_HOK2_15_JRD","Day_15","RTE_Decomp","HOK1","HOK2","HOK1_4",207,".mzML","JRD_HFA_MSM_112.mzML.Peak.area"
"146","JRD_HFA_MSM_316.mzML","JRD_HFA_MSM_316","SEK2_1_SEK2_5_JRD","Day_5","RTE_Decomp","SEK2","SEK2","SEK2_1",208,".mzML","JRD_HFA_MSM_316.mzML.Peak.area"
"147","JRD_HFA_MSM_344.mzML","JRD_HFA_MSM_344","HOK1_2_m","Day_NA","SAMPLE_POWDER_METAB","HOK1",NA,"HOK1_2",209,".mzML","JRD_HFA_MSM_344.mzML.Peak.area"
"148","JRD_HFA_MSM_51.mzML","JRD_HFA_MSM_51","HOK2_3_SEK1_10_JRD","Day_10","RTE_Decomp","HOK2","SEK1","HOK2_3",210,".mzML","JRD_HFA_MSM_51.mzML.Peak.area"
"149","JRD_HFA_MSM_325.mzML","JRD_HFA_MSM_325","SEK2_4_HOK1_5_JRD","Day_5","RTE_Decomp","SEK2","HOK1","SEK2_4",211,".mzML","JRD_HFA_MSM_325.mzML.Peak.area"
"150","JRD_HFA_MSM_210.mzML","JRD_HFA_MSM_210","HOK2_4_HOK2_20_JRD","Day_20","RTE_Decomp","HOK2","HOK2","HOK2_4",212,".mzML","JRD_HFA_MSM_210.mzML.Peak.area"
"151","JRD_HFA_MSM_231.mzML","JRD_HFA_MSM_231","SEK1_5_HOK1_20_JRD","Day_20","RTE_Decomp","SEK1","HOK1","SEK1_5",217,".mzML","JRD_HFA_MSM_231.mzML.Peak.area"
"152","JRD_HFA_MSM_129.mzML","JRD_HFA_MSM_129","HOK2_3_SEK1_15_JRD","Day_15","RTE_Decomp","HOK2","SEK1","HOK2_3",218,".mzML","JRD_HFA_MSM_129.mzML.Peak.area"
"153","JRD_HFA_MSM_228.mzML","JRD_HFA_MSM_228","SEK1_4_HOK2_20_JRD","Day_20","RTE_Decomp","SEK1","HOK2","SEK1_4",219,".mzML","JRD_HFA_MSM_228.mzML.Peak.area"
"154","JRD_HFA_MSM_165.mzML","JRD_HFA_MSM_165","SEK2_3_HOK1_15_JRD","Day_15","RTE_Decomp","SEK2","HOK1","SEK2_3",220,".mzML","JRD_HFA_MSM_165.mzML.Peak.area"
"155","JRD_HFA_MSM_133.mzML","JRD_HFA_MSM_133","HOK2_4_SEK1_15_JRD","Day_15","RTE_Decomp","HOK2","SEK1","HOK2_4",221,".mzML","JRD_HFA_MSM_133.mzML.Peak.area"
"156","JRD_HFA_MSM_111.mzML","JRD_HFA_MSM_111","HOK1_4_HOK1_15_JRD","Day_15","RTE_Decomp","HOK1","HOK1","HOK1_4",222,".mzML","JRD_HFA_MSM_111.mzML.Peak.area"
"157","JRD_HFA_MSM_36.mzML","JRD_HFA_MSM_36","HOK1_4_SEK2_10_JRD","Day_10","RTE_Decomp","HOK1","SEK2","HOK1_4",223,".mzML","JRD_HFA_MSM_36.mzML.Peak.area"
"158","JRD_HFA_MSM_78.mzML","JRD_HFA_MSM_78","SEK1_5_SEK2_10_JRD","Day_10","RTE_Decomp","SEK1","SEK2","SEK1_5",224,".mzML","JRD_HFA_MSM_78.mzML.Peak.area"
"159","JRD_CGM_359.mzML","JRD_CGM_359","LH-10_m","Day_NA","SAMPLE_POWDER_METAB","LH1",NA,"LH10",225,".mzML","JRD_CGM_359.mzML.Peak.area"
"160","JRD_HFA_MSM_144.mzML","JRD_HFA_MSM_144","SEK1_2_SEK2_15_JRD","Day_15","RTE_Decomp","SEK1","SEK2","SEK1_2",226,".mzML","JRD_HFA_MSM_144.mzML.Peak.area"
"161","JRD_HFA_MSM_123.mzML","JRD_HFA_MSM_123","HOK2_2_HOK1_15_JRD","Day_15","RTE_Decomp","HOK2","HOK1","HOK2_2",231,".mzML","JRD_HFA_MSM_123.mzML.Peak.area"
"162","JRD_HFA_MSM_7.mzML","JRD_HFA_MSM_7","HOK2_2_HOK1_0_JRD",NA,"Fresh_Leaves","HOK2",NA,"HOK2_2",232,".mzML","JRD_HFA_MSM_7.mzML.Peak.area"
"163","JRD_HFA_MSM_71.mzML","JRD_HFA_MSM_71","SEK1_4_HOK1_10_JRD","Day_10","RTE_Decomp","SEK1","HOK1","SEK1_4",233,".mzML","JRD_HFA_MSM_71.mzML.Peak.area"
"164","JRD_HFA_MSM_21.mzML","JRD_HFA_MSM_21","HOK1_1_HOK1_10_JRD","Day_10","RTE_Decomp","HOK1","HOK1","HOK1_1",234,".mzML","JRD_HFA_MSM_21.mzML.Peak.area"
"165","JRD_HFA_MSM_185.mzML","JRD_HFA_MSM_185","HOK1_3_HOK1_20_JRD","Day_20","RTE_Decomp","HOK1","HOK1","HOK1_3",235,".mzML","JRD_HFA_MSM_185.mzML.Peak.area"
"166","JRD_HFA_MSM_298.mzML","JRD_HFA_MSM_298","SEK1_2_HOK2_5_JRD","Day_5","RTE_Decomp","SEK1","HOK2","SEK1_2",236,".mzML","JRD_HFA_MSM_298.mzML.Peak.area"
"167","JRD_HFA_MSM_233.mzML","JRD_HFA_MSM_233","SEK1_5_SEK1_20_JRD","Day_20","RTE_Decomp","SEK1","SEK1","SEK1_5",237,".mzML","JRD_HFA_MSM_233.mzML.Peak.area"
"168","JRD_HFA_MSM_258.mzML","JRD_HFA_MSM_258","HOK1_1_SEK2_5_JRD","Day_5","RTE_Decomp","HOK1","SEK2","HOK1_1",238,".mzML","JRD_HFA_MSM_258.mzML.Peak.area"
"169","JRD_HFA_MSM_39.mzML","JRD_HFA_MSM_39","HOK1_5_SEK1_10_JRD","Day_10","RTE_Decomp","HOK1","SEK1","HOK1_5",239,".mzML","JRD_HFA_MSM_39.mzML.Peak.area"
"170","JRD_HFA_MSM_272.mzML","JRD_HFA_MSM_272","HOK1_5_HOK2_5_JRD","Day_5","RTE_Decomp","HOK1","HOK2","HOK1_5",240,".mzML","JRD_HFA_MSM_272.mzML.Peak.area"
"171","JRD_CGM_362.mzML","JRD_CGM_362","ELK4_m","Day_NA","SAMPLE_POWDER_METAB","ELK",NA,"ELK4",245,".mzML","JRD_CGM_362.mzML.Peak.area"
"172","JRD_HFA_MSM_202.mzML","JRD_HFA_MSM_202","HOK2_2_HOK2_20_JRD","Day_20","RTE_Decomp","HOK2","HOK2","HOK2_2",246,".mzML","JRD_HFA_MSM_202.mzML.Peak.area"
"173","JRD_HFA_MSM_97.mzML","JRD_HFA_MSM_97","SEK2_5_SEK1_10_JRD","Day_10","RTE_Decomp","SEK2","SEK1","SEK2_5",247,".mzML","JRD_HFA_MSM_97.mzML.Peak.area"
"174","JRD_HFA_MSM_32.mzML","JRD_HFA_MSM_32","HOK1_3_SEK2_10_JRD","Day_10","RTE_Decomp","HOK1","SEK2","HOK1_3",248,".mzML","JRD_HFA_MSM_32.mzML.Peak.area"
"175","JRD_HFA_MSM_303.mzML","JRD_HFA_MSM_303","SEK1_3_SEK1_5_JRD","Day_5","RTE_Decomp","SEK1","SEK1","SEK1_3",249,".mzML","JRD_HFA_MSM_303.mzML.Peak.area"
"176","JRD_HFA_MSM_34.mzML","JRD_HFA_MSM_34","HOK1_4_HOK2_10_JRD","Day_10","RTE_Decomp","HOK1","HOK2","HOK1_4",250,".mzML","JRD_HFA_MSM_34.mzML.Peak.area"
"177","JRD_HFA_MSM_201.mzML","JRD_HFA_MSM_201","HOK2_2_HOK1_20_JRD","Day_20","RTE_Decomp","HOK2","HOK1","HOK2_2",251,".mzML","JRD_HFA_MSM_201.mzML.Peak.area"
"178","JRD_HFA_MSM_218.mzML","JRD_HFA_MSM_218","SEK1_1_SEK2_20_JRD","Day_20","RTE_Decomp","SEK1","SEK2","SEK1_1",252,".mzML","JRD_HFA_MSM_218.mzML.Peak.area"
"179","JRD_HFA_MSM_178.mzML","JRD_HFA_MSM_178","HOK1_1_HOK2_20_JRD","Day_20","RTE_Decomp","HOK1","HOK2","HOK1_1",253,".mzML","JRD_HFA_MSM_178.mzML.Peak.area"
"180","JRD_HFA_MSM_196.mzML","JRD_HFA_MSM_196","HOK1_5_SEK2_20_JRD","Day_20","RTE_Decomp","HOK1","SEK2","HOK1_5",254,".mzML","JRD_HFA_MSM_196.mzML.Peak.area"
"181","JRD_HFA_MSM_311.mzML","JRD_HFA_MSM_311","SEK1_5_SEK1_5_JRD","Day_5","RTE_Decomp","SEK1","SEK1","SEK1_5",259,".mzML","JRD_HFA_MSM_311.mzML.Peak.area"
"182","JRD_HFA_MSM_62.mzML","JRD_HFA_MSM_62","SEK1_1_SEK2_10_JRD","Day_10","RTE_Decomp","SEK1","SEK2","SEK1_1",260,".mzML","JRD_HFA_MSM_62.mzML.Peak.area"
"183","JRD_HFA_MSM_252.mzML","JRD_HFA_MSM_252","SEK2_5_HOK2_20_JRD","Day_20","RTE_Decomp","SEK2","HOK2","SEK2_5",261,".mzML","JRD_HFA_MSM_252.mzML.Peak.area"
"184","JRD_HFA_MSM_255.mzML","JRD_HFA_MSM_255","HOK1_1_HOK1_5_JRD","Day_5","RTE_Decomp","HOK1","HOK1","HOK1_1",262,".mzML","JRD_HFA_MSM_255.mzML.Peak.area"
"185","JRD_HFA_MSM_145.mzML","JRD_HFA_MSM_145","SEK1_3_HOK1_15_JRD","Day_15","RTE_Decomp","SEK1","HOK1","SEK1_3",263,".mzML","JRD_HFA_MSM_145.mzML.Peak.area"
"186","JRD_CGM_368.mzML","JRD_CGM_368","ELK10_m","Day_NA","SAMPLE_POWDER_METAB","ELK",NA,"ELK10",264,".mzML","JRD_CGM_368.mzML.Peak.area"
"187","JRD_HFA_MSM_127.mzML","JRD_HFA_MSM_127","HOK2_3_HOK1_15_JRD","Day_15","RTE_Decomp","HOK2","HOK1","HOK2_3",265,".mzML","JRD_HFA_MSM_127.mzML.Peak.area"
"188","JRD_CGM_363.mzML","JRD_CGM_363","ELK5_m","Day_NA","SAMPLE_POWDER_METAB","ELK",NA,"ELK5",266,".mzML","JRD_CGM_363.mzML.Peak.area"
"189","JRD_HFA_MSM_313.mzML","JRD_HFA_MSM_313","SEK2_1_HOK1_5_JRD","Day_5","RTE_Decomp","SEK2","HOK1","SEK2_1",267,".mzML","JRD_HFA_MSM_313.mzML.Peak.area"
"190","JRD_HFA_MSM_295.mzML","JRD_HFA_MSM_295","SEK1_1_SEK1_5_JRD","Day_5","RTE_Decomp","SEK1","SEK1","SEK1_1",268,".mzML","JRD_HFA_MSM_295.mzML.Peak.area"
"191","JRD_HFA_MSM_38.mzML","JRD_HFA_MSM_38","HOK1_5_HOK2_10_JRD","Day_10","RTE_Decomp","HOK1","HOK2","HOK1_5",273,".mzML","JRD_HFA_MSM_38.mzML.Peak.area"
"192","JRD_HFA_MSM_186.mzML","JRD_HFA_MSM_186","HOK1_3_HOK2_20_JRD","Day_20","RTE_Decomp","HOK1","HOK2","HOK1_3",274,".mzML","JRD_HFA_MSM_186.mzML.Peak.area"
"193","JRD_HFA_MSM_194.mzML","JRD_HFA_MSM_194","HOK1_5_HOK2_20_JRD","Day_20","RTE_Decomp","HOK1","HOK2","HOK1_5",275,".mzML","JRD_HFA_MSM_194.mzML.Peak.area"
"194","JRD_HFA_MSM_92.mzML","JRD_HFA_MSM_92","SEK2_4_HOK2_10_JRD","Day_10","RTE_Decomp","SEK2","HOK2","SEK2_4",276,".mzML","JRD_HFA_MSM_92.mzML.Peak.area"
"195","JRD_HFA_MSM_211.mzML","JRD_HFA_MSM_211","HOK2_4_SEK1_20_JRD","Day_20","RTE_Decomp","HOK2","SEK1","HOK2_4",277,".mzML","JRD_HFA_MSM_211.mzML.Peak.area"
"196","JRD_HFA_MSM_161.mzML","JRD_HFA_MSM_161","SEK2_2_HOK1_15_JRD","Day_15","RTE_Decomp","SEK2","HOK1","SEK2_2",278,".mzML","JRD_HFA_MSM_161.mzML.Peak.area"
"197","JRD_HFA_MSM_269.mzML","JRD_HFA_MSM_269","HOK1_4_SEK1_5_JRD","Day_5","RTE_Decomp","HOK1","SEK1","HOK1_4",279,".mzML","JRD_HFA_MSM_269.mzML.Peak.area"
"198","JRD_HFA_MSM_192.mzML","JRD_HFA_MSM_192","HOK1_4_SEK2_20_JRD","Day_20","RTE_Decomp","HOK1","SEK2","HOK1_4",280,".mzML","JRD_HFA_MSM_192.mzML.Peak.area"
"199","JRD_HFA_MSM_177.mzML","JRD_HFA_MSM_177","HOK1_1_HOK1_20_JRD","Day_20","RTE_Decomp","HOK1","HOK1","HOK1_1",281,".mzML","JRD_HFA_MSM_177.mzML.Peak.area"
"200","JRD_HFA_MSM_47.mzML","JRD_HFA_MSM_47","HOK2_2_SEK1_10_JRD","Day_10","RTE_Decomp","HOK2","SEK1","HOK2_2",282,".mzML","JRD_HFA_MSM_47.mzML.Peak.area"
"201","JRD_HFA_MSM_230.mzML","JRD_HFA_MSM_230","SEK1_4_SEK2_20_JRD","Day_20","RTE_Decomp","SEK1","SEK2","SEK1_4",287,".mzML","JRD_HFA_MSM_230.mzML.Peak.area"
"202","JRD_CGM_354.mzML","JRD_CGM_354","LH-2_m","Day_NA","SAMPLE_POWDER_METAB","LH1",NA,"LH2",288,".mzML","JRD_CGM_354.mzML.Peak.area"
"203","JRD_HFA_MSM_20.mzML","JRD_HFA_MSM_20","SEK2_5_HOK1_0_JRD",NA,"Fresh_Leaves","SEK2",NA,"SEK2_5",289,".mzML","JRD_HFA_MSM_20.mzML.Peak.area"
"204","JRD_HFA_MSM_49.mzML","JRD_HFA_MSM_49","HOK2_3_HOK1_10_JRD","Day_10","RTE_Decomp","HOK2","HOK1","HOK2_3",290,".mzML","JRD_HFA_MSM_49.mzML.Peak.area"
"205","JRD_HFA_MSM_305.mzML","JRD_HFA_MSM_305","SEK1_4_HOK1_5_JRD","Day_5","RTE_Decomp","SEK1","HOK1","SEK1_4",291,".mzML","JRD_HFA_MSM_305.mzML.Peak.area"
"206","JRD_HFA_MSM_213.mzML","JRD_HFA_MSM_213","HOK2_5_HOK2_20_JRD","Day_20","RTE_Decomp","HOK2","HOK2","HOK2_5",292,".mzML","JRD_HFA_MSM_213.mzML.Peak.area"
"207","JRD_HFA_MSM_163.mzML","JRD_HFA_MSM_163","SEK2_2_SEK1_15_JRD","Day_15","RTE_Decomp","SEK2","SEK1","SEK2_2",293,".mzML","JRD_HFA_MSM_163.mzML.Peak.area"
"208","JRD_HFA_MSM_2.mzML","JRD_HFA_MSM_2","HOK1_2_HOK1_0_JRD",NA,"Fresh_Leaves","HOK1",NA,"HOK1_2",294,".mzML","JRD_HFA_MSM_2.mzML.Peak.area"
"209","JRD_CGM_364.mzML","JRD_CGM_364","ELK6_m","Day_NA","SAMPLE_POWDER_METAB","ELK",NA,"ELK6",295,".mzML","JRD_CGM_364.mzML.Peak.area"
"210","JRD_HFA_MSM_98.mzML","JRD_HFA_MSM_98","SEK2_5_SEK2_10_JRD","Day_10","RTE_Decomp","SEK2","SEK2","SEK2_5",296,".mzML","JRD_HFA_MSM_98.mzML.Peak.area"
"211","JRD_HFA_MSM_125.mzML","JRD_HFA_MSM_125","HOK2_2_SEK1_15_JRD","Day_15","RTE_Decomp","HOK2","SEK1","HOK2_2",301,".mzML","JRD_HFA_MSM_125.mzML.Peak.area"
"212","JRD_HFA_MSM_315.mzML","JRD_HFA_MSM_315","SEK2_1_SEK1_5_JRD","Day_5","RTE_Decomp","SEK2","SEK1","SEK2_1",302,".mzML","JRD_HFA_MSM_315.mzML.Peak.area"
"213","JRD_HFA_MSM_88.mzML","JRD_HFA_MSM_88","SEK2_3_HOK2_10_JRD","Day_10","RTE_Decomp","SEK2","HOK2","SEK2_3",303,".mzML","JRD_HFA_MSM_88.mzML.Peak.area"
"214","JRD_HFA_MSM_183.mzML","JRD_HFA_MSM_183","HOK1_2_SEK1_20_JRD","Day_20","RTE_Decomp","HOK1","SEK1","HOK1_2",304,".mzML","JRD_HFA_MSM_183.mzML.Peak.area"
"215","JRD_HFA_MSM_159.mzML","JRD_HFA_MSM_159","SEK2_1_SEK1_15_JRD","Day_15","RTE_Decomp","SEK2","SEK1","SEK2_1",305,".mzML","JRD_HFA_MSM_159.mzML.Peak.area"
"216","JRD_HFA_MSM_14.mzML","JRD_HFA_MSM_14","SEK1_4_HOK1_0_JRD",NA,"Fresh_Leaves","SEK1",NA,"SEK1_4",306,".mzML","JRD_HFA_MSM_14.mzML.Peak.area"
"217","JRD_HFA_MSM_42.mzML","JRD_HFA_MSM_42","HOK2_1_HOK2_10_JRD","Day_10","RTE_Decomp","HOK2","HOK2","HOK2_1",307,".mzML","JRD_HFA_MSM_42.mzML.Peak.area"
"218","JRD_HFA_MSM_81.mzML","JRD_HFA_MSM_81","SEK2_1_SEK1_10_JRD","Day_10","RTE_Decomp","SEK2","SEK1","SEK2_1",308,".mzML","JRD_HFA_MSM_81.mzML.Peak.area"
"219","JRD_HFA_MSM_136.mzML","JRD_HFA_MSM_136","HOK2_5_SEK2_15_JRD","Day_15","RTE_Decomp","HOK2","SEK2","HOK2_5",309,".mzML","JRD_HFA_MSM_136.mzML.Peak.area"
"220","JRD_HFA_MSM_151.mzML","JRD_HFA_MSM_151","SEK1_4_SEK1_15_JRD","Day_15","RTE_Decomp","SEK1","SEK1","SEK1_4",310,".mzML","JRD_HFA_MSM_151.mzML.Peak.area"
"221","JRD_HFA_MSM_189.mzML","JRD_HFA_MSM_189","HOK1_4_HOK1_20_JRD","Day_20","RTE_Decomp","HOK1","HOK1","HOK1_4",315,".mzML","JRD_HFA_MSM_189.mzML.Peak.area"
"222","JRD_HFA_MSM_53.mzML","JRD_HFA_MSM_53","HOK2_4_HOK1_10_JRD","Day_10","RTE_Decomp","HOK2","HOK1","HOK2_4",316,".mzML","JRD_HFA_MSM_53.mzML.Peak.area"
"223","JRD_HFA_MSM_235.mzML","JRD_HFA_MSM_235","SEK2_1_HOK1_20_JRD","Day_20","RTE_Decomp","SEK2","HOK1","SEK2_1",317,".mzML","JRD_HFA_MSM_235.mzML.Peak.area"
"224","JRD_CGM_360.mzML","JRD_CGM_360","ELK1_m","Day_NA","SAMPLE_POWDER_METAB","ELK",NA,"ELK1",318,".mzML","JRD_CGM_360.mzML.Peak.area"
"225","JRD_HFA_MSM_328.mzML","JRD_HFA_MSM_328","SEK2_4_SEK2_5_JRD","Day_5","RTE_Decomp","SEK2","SEK2","SEK2_4",319,".mzML","JRD_HFA_MSM_328.mzML.Peak.area"
"226","JRD_HFA_MSM_48.mzML","JRD_HFA_MSM_48","HOK2_2_SEK2_10_JRD","Day_10","RTE_Decomp","HOK2","SEK2","HOK2_2",320,".mzML","JRD_HFA_MSM_48.mzML.Peak.area"
"227","JRD_HFA_MSM_63.mzML","JRD_HFA_MSM_63","SEK1_2_HOK1_10_JRD","Day_10","RTE_Decomp","SEK1","HOK1","SEK1_2",321,".mzML","JRD_HFA_MSM_63.mzML.Peak.area"
"228","JRD_HFA_MSM_353.mzML","JRD_HFA_MSM_353","LH-1_m","Day_NA","SAMPLE_POWDER_METAB","LH1",NA,"LH1",322,".mzML","JRD_HFA_MSM_353.mzML.Peak.area"
"229","JRD_HFA_MSM_68.mzML","JRD_HFA_MSM_68","SEK1_3_HOK2_10_JRD","Day_10","RTE_Decomp","SEK1","HOK2","SEK1_3",323,".mzML","JRD_HFA_MSM_68.mzML.Peak.area"
"230","JRD_HFA_MSM_155.mzML","JRD_HFA_MSM_155","SEK1_5_SEK1_15_JRD","Day_15","RTE_Decomp","SEK1","SEK1","SEK1_5",324,".mzML","JRD_HFA_MSM_155.mzML.Peak.area"
"231","JRD_HFA_MSM_35.mzML","JRD_HFA_MSM_35","HOK1_4_SEK1_10_JRD","Day_10","RTE_Decomp","HOK1","SEK1","HOK1_4",329,".mzML","JRD_HFA_MSM_35.mzML.Peak.area"
"232","JRD_CGM_357.mzML","JRD_CGM_357","LH-6_m","Day_NA","SAMPLE_POWDER_METAB","LH1",NA,"LH6",330,".mzML","JRD_CGM_357.mzML.Peak.area"
"233","JRD_HFA_MSM_229.mzML","JRD_HFA_MSM_229","SEK1_4_SEK1_20_JRD","Day_20","RTE_Decomp","SEK1","SEK1","SEK1_4",331,".mzML","JRD_HFA_MSM_229.mzML.Peak.area"
"234","JRD_HFA_MSM_37.mzML","JRD_HFA_MSM_37","HOK1_5_HOK1_10_JRD","Day_10","RTE_Decomp","HOK1","HOK1","HOK1_5",332,".mzML","JRD_HFA_MSM_37.mzML.Peak.area"
"235","JRD_HFA_MSM_96.mzML","JRD_HFA_MSM_96","SEK2_5_HOK2_10_JRD","Day_10","RTE_Decomp","SEK2","HOK2","SEK2_5",333,".mzML","JRD_HFA_MSM_96.mzML.Peak.area"
"236","JRD_HFA_MSM_93.mzML","JRD_HFA_MSM_93","SEK2_4_SEK1_10_JRD","Day_10","RTE_Decomp","SEK2","SEK1","SEK2_4",334,".mzML","JRD_HFA_MSM_93.mzML.Peak.area"
"237","JRD_HFA_MSM_264.mzML","JRD_HFA_MSM_264","HOK1_3_HOK2_5_JRD","Day_5","RTE_Decomp","HOK1","HOK2","HOK1_3",335,".mzML","JRD_HFA_MSM_264.mzML.Peak.area"
"238","JRD_HFA_MSM_268.mzML","JRD_HFA_MSM_268","HOK1_4_HOK2_5_JRD","Day_5","RTE_Decomp","HOK1","HOK2","HOK1_4",336,".mzML","JRD_HFA_MSM_268.mzML.Peak.area"
"239","JRD_HFA_MSM_207.mzML","JRD_HFA_MSM_207","HOK2_3_SEK1_20_JRD","Day_20","RTE_Decomp","HOK2","SEK1","HOK2_3",337,".mzML","JRD_HFA_MSM_207.mzML.Peak.area"
"240","JRD_HFA_MSM_29.mzML","JRD_HFA_MSM_29","HOK1_3_HOK1_10_JRD","Day_10","RTE_Decomp","HOK1","HOK1","HOK1_3",338,".mzML","JRD_HFA_MSM_29.mzML.Peak.area"
"241","JRD_HFA_MSM_348.mzML","JRD_HFA_MSM_348","HOK2_1_m","Day_NA","SAMPLE_POWDER_METAB","HOK2",NA,"HOK2_1",343,".mzML","JRD_HFA_MSM_348.mzML.Peak.area"
"242","JRD_HFA_MSM_212.mzML","JRD_HFA_MSM_212","HOK2_4_SEK2_20_JRD","Day_20","RTE_Decomp","HOK2","SEK2","HOK2_4",344,".mzML","JRD_HFA_MSM_212.mzML.Peak.area"
"243","JRD_HFA_MSM_173.mzML","JRD_HFA_MSM_173","SEK2_5_HOK1_15_JRD","Day_15","RTE_Decomp","SEK2","HOK1","SEK2_5",345,".mzML","JRD_HFA_MSM_173.mzML.Peak.area"
"244","JRD_HFA_MSM_175.mzML","JRD_HFA_MSM_175","SEK2_5_SEK1_15_JRD","Day_15","RTE_Decomp","SEK2","SEK1","SEK2_5",346,".mzML","JRD_HFA_MSM_175.mzML.Peak.area"
"245","JRD_HFA_MSM_262.mzML","JRD_HFA_MSM_262","HOK1_2_SEK2_5_JRD","Day_5","RTE_Decomp","HOK1","SEK2","HOK1_2",347,".mzML","JRD_HFA_MSM_262.mzML.Peak.area"
"246","JRD_HFA_MSM_27.mzML","JRD_HFA_MSM_27","HOK1_2_SEK1_10_JRD","Day_10","RTE_Decomp","HOK1","SEK1","HOK1_2",348,".mzML","JRD_HFA_MSM_27.mzML.Peak.area"
"247","JRD_HFA_MSM_323.mzML","JRD_HFA_MSM_323","SEK2_3_SEK1_5_JRD","Day_5","RTE_Decomp","SEK2","SEK1","SEK2_3",349,".mzML","JRD_HFA_MSM_323.mzML.Peak.area"
"248","JRD_HFA_MSM_221.mzML","JRD_HFA_MSM_221","SEK1_2_SEK1_20_JRD","Day_20","RTE_Decomp","SEK1","SEK1","SEK1_2",350,".mzML","JRD_HFA_MSM_221.mzML.Peak.area"
"249","JRD_HFA_MSM_104.mzML","JRD_HFA_MSM_104","HOK1_2_HOK2_15_JRD","Day_15","RTE_Decomp","HOK1","HOK2","HOK1_2",351,".mzML","JRD_HFA_MSM_104.mzML.Peak.area"
"250","JRD_HFA_MSM_167.mzML","JRD_HFA_MSM_167","SEK2_3_SEK1_15_JRD","Day_15","RTE_Decomp","SEK2","SEK1","SEK2_3",352,".mzML","JRD_HFA_MSM_167.mzML.Peak.area"
"251","JRD_HFA_MSM_105.mzML","JRD_HFA_MSM_105","HOK1_2_SEK1_15_JRD","Day_15","RTE_Decomp","HOK1","SEK1","HOK1_2",357,".mzML","JRD_HFA_MSM_105.mzML.Peak.area"
"252","JRD_HFA_MSM_89.mzML","JRD_HFA_MSM_89","SEK2_3_SEK1_10_JRD","Day_10","RTE_Decomp","SEK2","SEK1","SEK2_3",358,".mzML","JRD_HFA_MSM_89.mzML.Peak.area"
"253","JRD_HFA_MSM_314.mzML","JRD_HFA_MSM_314","SEK2_1_HOK2_5_JRD","Day_5","RTE_Decomp","SEK2","HOK2","SEK2_1",360,".mzML","JRD_HFA_MSM_314.mzML.Peak.area"
"254","JRD_HFA_MSM_147.mzML","JRD_HFA_MSM_147","SEK1_3_SEK1_15_JRD","Day_15","RTE_Decomp","SEK1","SEK1","SEK1_3",361,".mzML","JRD_HFA_MSM_147.mzML.Peak.area"
"255","JRD_HFA_MSM_216.mzML","JRD_HFA_MSM_216","SEK1_1_HOK2_20_JRD","Day_20","RTE_Decomp","SEK1","HOK2","SEK1_1",362,".mzML","JRD_HFA_MSM_216.mzML.Peak.area"
"256","JRD_HFA_MSM_198.mzML","JRD_HFA_MSM_198","HOK2_1_HOK2_20_JRD","Day_20","RTE_Decomp","HOK2","HOK2","HOK2_1",364,".mzML","JRD_HFA_MSM_198.mzML.Peak.area"
"257","JRD_HFA_MSM_179.mzML","JRD_HFA_MSM_179","HOK1_1_SEK1_20_JRD","Day_20","RTE_Decomp","HOK1","SEK1","HOK1_1",365,".mzML","JRD_HFA_MSM_179.mzML.Peak.area"
"258","JRD_HFA_MSM_208.mzML","JRD_HFA_MSM_208","HOK2_3_SEK2_20_JRD","Day_20","RTE_Decomp","HOK2","SEK2","HOK2_3",366,".mzML","JRD_HFA_MSM_208.mzML.Peak.area"
"259","JRD_HFA_MSM_245.mzML","JRD_HFA_MSM_245","SEK2_3_SEK1_20_JRD","Day_20","RTE_Decomp","SEK2","SEK1","SEK2_3",371,".mzML","JRD_HFA_MSM_245.mzML.Peak.area"
"260","JRD_HFA_MSM_302.mzML","JRD_HFA_MSM_302","SEK1_3_HOK2_5_JRD","Day_5","RTE_Decomp","SEK1","HOK2","SEK1_3",372,".mzML","JRD_HFA_MSM_302.mzML.Peak.area"
"261","JRD_HFA_MSM_60.mzML","JRD_HFA_MSM_60","SEK1_1_HOK2_10_JRD","Day_10","RTE_Decomp","SEK1","HOK2","SEK1_1",373,".mzML","JRD_HFA_MSM_60.mzML.Peak.area"
"262","JRD_HFA_MSM_204.mzML","JRD_HFA_MSM_204","HOK2_2_SEK2_20_JRD","Day_20","RTE_Decomp","HOK2","SEK2","HOK2_2",374,".mzML","JRD_HFA_MSM_204.mzML.Peak.area"
"263","JRD_HFA_MSM_22.mzML","JRD_HFA_MSM_22","HOK1_1_HOK2_10_JRD","Day_10","RTE_Decomp","HOK1","HOK2","HOK1_1",375,".mzML","JRD_HFA_MSM_22.mzML.Peak.area"
"264","JRD_HFA_MSM_156.mzML","JRD_HFA_MSM_156","SEK1_5_SEK2_15_JRD","Day_15","RTE_Decomp","SEK1","SEK2","SEK1_5",376,".mzML","JRD_HFA_MSM_156.mzML.Peak.area"
"265","JRD_HFA_MSM_1.mzML","JRD_HFA_MSM_1","HOK1_1_HOK1_0_JRD",NA,"Fresh_Leaves","HOK1",NA,"HOK1_1",377,".mzML","JRD_HFA_MSM_1.mzML.Peak.area"
"266","JRD_HFA_MSM_349.mzML","JRD_HFA_MSM_349","HOK2_2_m","Day_NA","SAMPLE_POWDER_METAB","HOK2",NA,"HOK2_2",378,".mzML","JRD_HFA_MSM_349.mzML.Peak.area"
"267","JRD_HFA_MSM_43.mzML","JRD_HFA_MSM_43","HOK2_1_SEK1_10_JRD","Day_10","RTE_Decomp","HOK2","SEK1","HOK2_1",379,".mzML","JRD_HFA_MSM_43.mzML.Peak.area"
"268","JRD_CGM_366.mzML","JRD_CGM_366","ELK8_m","Day_NA","SAMPLE_POWDER_METAB","ELK",NA,"ELK8",380,".mzML","JRD_CGM_366.mzML.Peak.area"
"269","JRD_HFA_MSM_273.mzML","JRD_HFA_MSM_273","HOK1_5_SEK1_5_JRD","Day_5","RTE_Decomp","HOK1","SEK1","HOK1_5",385,".mzML","JRD_HFA_MSM_273.mzML.Peak.area"
"270","JRD_HFA_MSM_119.mzML","JRD_HFA_MSM_119","HOK2_1_HOK1_15_JRD","Day_15","RTE_Decomp","HOK2","HOK1","HOK2_1",386,".mzML","JRD_HFA_MSM_119.mzML.Peak.area"
"271","JRD_HFA_MSM_107.mzML","JRD_HFA_MSM_107","HOK1_3_HOK1_15_JRD","Day_15","RTE_Decomp","HOK1","HOK1","HOK1_3",387,".mzML","JRD_HFA_MSM_107.mzML.Peak.area"
"272","JRD_HFA_MSM_281.mzML","JRD_HFA_MSM_281","HOK2_2_SEK1_5_JRD","Day_5","RTE_Decomp","HOK2","SEK1","HOK2_2",388,".mzML","JRD_HFA_MSM_281.mzML.Peak.area"
"273","JRD_HFA_MSM_306.mzML","JRD_HFA_MSM_306","SEK1_4_HOK2_5_JRD","Day_5","RTE_Decomp","SEK1","HOK2","SEK1_4",389,".mzML","JRD_HFA_MSM_306.mzML.Peak.area"
"274","JRD_HFA_MSM_52.mzML","JRD_HFA_MSM_52","HOK2_3_SEK2_10_JRD","Day_10","RTE_Decomp","HOK2","SEK2","HOK2_3",390,".mzML","JRD_HFA_MSM_52.mzML.Peak.area"
"275","JRD_HFA_MSM_195.mzML","JRD_HFA_MSM_195","HOK1_5_SEK1_20_JRD","Day_20","RTE_Decomp","HOK1","SEK1","HOK1_5",391,".mzML","JRD_HFA_MSM_195.mzML.Peak.area"
"276","JRD_HFA_MSM_327.mzML","JRD_HFA_MSM_327","SEK2_4_SEK1_5_JRD","Day_5","RTE_Decomp","SEK2","SEK1","SEK2_4",392,".mzML","JRD_HFA_MSM_327.mzML.Peak.area"
"277","JRD_HFA_MSM_300.mzML","JRD_HFA_MSM_300","SEK1_2_SEK2_5_JRD","Day_5","RTE_Decomp","SEK1","SEK2","SEK1_2",393,".mzML","JRD_HFA_MSM_300.mzML.Peak.area"
"278","JRD_HFA_MSM_214.mzML","JRD_HFA_MSM_214","HOK2_5_SEK2_20_JRD","Day_20","RTE_Decomp","HOK2","SEK2","HOK2_5",394,".mzML","JRD_HFA_MSM_214.mzML.Peak.area"
"279","JRD_HFA_MSM_226.mzML","JRD_HFA_MSM_226","SEK1_3_SEK2_20_JRD","Day_20","RTE_Decomp","SEK1","SEK2","SEK1_3",399,".mzML","JRD_HFA_MSM_226.mzML.Peak.area"
"280","JRD_HFA_MSM_59.mzML","JRD_HFA_MSM_59","SEK1_1_HOK1_10_JRD","Day_10","RTE_Decomp","SEK1","HOK1","SEK1_1",400,".mzML","JRD_HFA_MSM_59.mzML.Peak.area"
"281","JRD_CGM_355.mzML","JRD_CGM_355","LH-4_m","Day_NA","SAMPLE_POWDER_METAB","LH1",NA,"LH4",401,".mzML","JRD_CGM_355.mzML.Peak.area"
"282","JRD_HFA_MSM_126.mzML","JRD_HFA_MSM_126","HOK2_2_SEK2_15_JRD","Day_15","RTE_Decomp","HOK2","SEK2","HOK2_2",402,".mzML","JRD_HFA_MSM_126.mzML.Peak.area"
"283","JRD_HFA_MSM_199.mzML","JRD_HFA_MSM_199","HOK2_1_SEK1_20_JRD","Day_20","RTE_Decomp","HOK2","SEK1","HOK2_1",403,".mzML","JRD_HFA_MSM_199.mzML.Peak.area"
"284","JRD_HFA_MSM_122.mzML","JRD_HFA_MSM_122","HOK2_1_SEK2_15_JRD","Day_15","RTE_Decomp","HOK2","SEK2","HOK2_1",404,".mzML","JRD_HFA_MSM_122.mzML.Peak.area"
"285","JRD_HFA_MSM_57.mzML","JRD_HFA_MSM_57","HOK2_5_HOK2_10_JRD","Day_10","RTE_Decomp","HOK2","HOK2","HOK2_5",405,".mzML","JRD_HFA_MSM_57.mzML.Peak.area"
"286","JRD_HFA_MSM_86.mzML","JRD_HFA_MSM_86","SEK2_2_SEK2_10_JRD","Day_10","RTE_Decomp","SEK2","SEK2","SEK2_2",406,".mzML","JRD_HFA_MSM_86.mzML.Peak.area"
"287","JRD_HFA_MSM_13.mzML","JRD_HFA_MSM_13","SEK1_3_HOK1_0_JRD",NA,"Fresh_Leaves","SEK1",NA,"SEK1_3",407,".mzML","JRD_HFA_MSM_13.mzML.Peak.area"
"288","JRD_HFA_MSM_341.mzML","JRD_HFA_MSM_341","SEK2_4_m","Day_NA","SAMPLE_POWDER_METAB","SEK2",NA,"SEK2_4",408,".mzML","JRD_HFA_MSM_341.mzML.Peak.area"
"289","JRD_HFA_MSM_100.mzML","JRD_HFA_MSM_100","HOK1_1_HOK2_15_JRD","Day_15","RTE_Decomp","HOK1","HOK2","HOK1_1",413,".mzML","JRD_HFA_MSM_100.mzML.Peak.area"
"290","JRD_HFA_MSM_11.mzML","JRD_HFA_MSM_11","SEK1_1_HOK1_0_JRD",NA,"Fresh_Leaves","SEK1",NA,"SEK1_1",414,".mzML","JRD_HFA_MSM_11.mzML.Peak.area"
"291","JRD_HFA_MSM_146.mzML","JRD_HFA_MSM_146","SEK1_3_HOK2_15_JRD","Day_15","RTE_Decomp","SEK1","HOK2","SEK1_3",415,".mzML","JRD_HFA_MSM_146.mzML.Peak.area"
"292","JRD_HFA_MSM_294.mzML","JRD_HFA_MSM_294","SEK1_1_HOK2_5_JRD","Day_5","RTE_Decomp","SEK1","HOK2","SEK1_1",416,".mzML","JRD_HFA_MSM_294.mzML.Peak.area"
"293","JRD_HFA_MSM_240.mzML","JRD_HFA_MSM_240","SEK2_2_HOK2_20_JRD","Day_20","RTE_Decomp","SEK2","HOK2","SEK2_2",417,".mzML","JRD_HFA_MSM_240.mzML.Peak.area"
"294","JRD_HFA_MSM_251.mzML","JRD_HFA_MSM_251","SEK2_5_HOK1_20_JRD","Day_20","RTE_Decomp","SEK2","HOK1","SEK2_5",418,".mzML","JRD_HFA_MSM_251.mzML.Peak.area"
"295","JRD_HFA_MSM_237.mzML","JRD_HFA_MSM_237","SEK2_1_SEK1_20_JRD","Day_20","RTE_Decomp","SEK2","SEK1","SEK2_1",419,".mzML","JRD_HFA_MSM_237.mzML.Peak.area"
"296","JRD_HFA_MSM_79.mzML","JRD_HFA_MSM_79","SEK2_1_HOK1_10_JRD","Day_10","RTE_Decomp","SEK2","HOK1","SEK2_1",420,".mzML","JRD_HFA_MSM_79.mzML.Peak.area"
"297","JRD_HFA_MSM_333.mzML","JRD_HFA_MSM_333","SEK1_1_m","Day_NA","SAMPLE_POWDER_METAB","SEK1",NA,"SEK1_1",421,".mzML","JRD_HFA_MSM_333.mzML.Peak.area"
"298","JRD_HFA_MSM_15.mzML","JRD_HFA_MSM_15","SEK1_5_HOK1_0_JRD",NA,"Fresh_Leaves","SEK1",NA,"SEK1_5",422,".mzML","JRD_HFA_MSM_15.mzML.Peak.area"
"299","JRD_HFA_MSM_267.mzML","JRD_HFA_MSM_267","HOK1_4_HOK1_5_JRD","Day_5","RTE_Decomp","HOK1","HOK1","HOK1_4",427,".mzML","JRD_HFA_MSM_267.mzML.Peak.area"
"300","JRD_HFA_MSM_44.mzML","JRD_HFA_MSM_44","HOK2_1_SEK2_10_JRD","Day_10","RTE_Decomp","HOK2","SEK2","HOK2_1",428,".mzML","JRD_HFA_MSM_44.mzML.Peak.area"
"301","JRD_HFA_MSM_276.mzML","JRD_HFA_MSM_276","HOK2_1_HOK2_5_JRD","Day_5","RTE_Decomp","HOK2","HOK2","HOK2_1",429,".mzML","JRD_HFA_MSM_276.mzML.Peak.area"
"302","JRD_HFA_MSM_176.mzML","JRD_HFA_MSM_176","SEK2_5_SEK2_15_JRD","Day_15","RTE_Decomp","SEK2","SEK2","SEK2_5",430,".mzML","JRD_HFA_MSM_176.mzML.Peak.area"
"303","JRD_HFA_MSM_232.mzML","JRD_HFA_MSM_232","SEK1_5_HOK2_20_JRD","Day_20","RTE_Decomp","SEK1","HOK2","SEK1_5",431,".mzML","JRD_HFA_MSM_232.mzML.Peak.area"
"304","JRD_HFA_MSM_182.mzML","JRD_HFA_MSM_182","HOK1_2_HOK2_20_JRD","Day_20","RTE_Decomp","HOK1","HOK2","HOK1_2",432,".mzML","JRD_HFA_MSM_182.mzML.Peak.area"
"305","JRD_HFA_MSM_55.mzML","JRD_HFA_MSM_55","HOK2_4_SEK1_10_JRD","Day_10","RTE_Decomp","HOK2","SEK1","HOK2_4",433,".mzML","JRD_HFA_MSM_55.mzML.Peak.area"
"306","JRD_HFA_MSM_342.mzML","JRD_HFA_MSM_342","SEK2_5_m","Day_NA","SAMPLE_POWDER_METAB","SEK2",NA,"SEK2_5",435,".mzML","JRD_HFA_MSM_342.mzML.Peak.area"
"307","JRD_HFA_MSM_90.mzML","JRD_HFA_MSM_90","SEK2_3_SEK2_10_JRD","Day_10","RTE_Decomp","SEK2","SEK2","SEK2_3",436,".mzML","JRD_HFA_MSM_90.mzML.Peak.area"
"308","JRD_HFA_MSM_10.mzML","JRD_HFA_MSM_10","HOK2_5_HOK1_0_JRD",NA,"Fresh_Leaves","HOK2",NA,"HOK2_5",441,".mzML","JRD_HFA_MSM_10.mzML.Peak.area"
"309","JRD_HFA_MSM_184.mzML","JRD_HFA_MSM_184","HOK1_2_SEK2_20_JRD","Day_20","RTE_Decomp","HOK1","SEK2","HOK1_2",442,".mzML","JRD_HFA_MSM_184.mzML.Peak.area"
"310","JRD_HFA_MSM_162.mzML","JRD_HFA_MSM_162","SEK2_2_HOK2_15_JRD","Day_15","RTE_Decomp","SEK2","HOK2","SEK2_2",443,".mzML","JRD_HFA_MSM_162.mzML.Peak.area"
"311","JRD_HFA_MSM_58.mzML","JRD_HFA_MSM_58","HOK2_5_SEK2_10_JRD","Day_10","RTE_Decomp","HOK2","SEK2","HOK2_5",444,".mzML","JRD_HFA_MSM_58.mzML.Peak.area"
"312","JRD_HFA_MSM_33.mzML","JRD_HFA_MSM_33","HOK1_4_HOK1_10_JRD","Day_10","RTE_Decomp","HOK1","HOK1","HOK1_4",445,".mzML","JRD_HFA_MSM_33.mzML.Peak.area"
"313","JRD_HFA_MSM_263.mzML","JRD_HFA_MSM_263","HOK1_3_HOK1_5_JRD","Day_5","RTE_Decomp","HOK1","HOK1","HOK1_3",446,".mzML","JRD_HFA_MSM_263.mzML.Peak.area"
"314","JRD_HFA_MSM_224.mzML","JRD_HFA_MSM_224","SEK1_3_HOK2_20_JRD","Day_20","RTE_Decomp","SEK1","HOK2","SEK1_3",447,".mzML","JRD_HFA_MSM_224.mzML.Peak.area"
"315","JRD_HFA_MSM_87.mzML","JRD_HFA_MSM_87","SEK2_3_HOK1_10_JRD","Day_10","RTE_Decomp","SEK2","HOK1","SEK2_3",448,".mzML","JRD_HFA_MSM_87.mzML.Peak.area"
"316","JRD_HFA_MSM_296.mzML","JRD_HFA_MSM_296","SEK1_1_SEK2_5_JRD","Day_5","RTE_Decomp","SEK1","SEK2","SEK1_1",449,".mzML","JRD_HFA_MSM_296.mzML.Peak.area"
"317","JRD_HFA_MSM_132.mzML","JRD_HFA_MSM_132","HOK2_4_HOK2_15_JRD","Day_15","RTE_Decomp","HOK2","HOK2","HOK2_4",450,".mzML","JRD_HFA_MSM_132.mzML.Peak.area"
"318","JRD_HFA_MSM_319.mzML","JRD_HFA_MSM_319","SEK2_2_SEK1_5_JRD","Day_5","RTE_Decomp","SEK2","SEK1","SEK2_2",455,".mzML","JRD_HFA_MSM_319.mzML.Peak.area"
"319","JRD_HFA_MSM_324.mzML","JRD_HFA_MSM_324","SEK2_3_SEK2_5_JRD","Day_5","RTE_Decomp","SEK2","SEK2","SEK2_3",456,".mzML","JRD_HFA_MSM_324.mzML.Peak.area"
"320","JRD_HFA_MSM_45.mzML","JRD_HFA_MSM_45","HOK2_2_HOK1_10_JRD","Day_10","RTE_Decomp","HOK2","HOK1","HOK2_2",457,".mzML","JRD_HFA_MSM_45.mzML.Peak.area"
"321","JRD_HFA_MSM_6.mzML","JRD_HFA_MSM_6","HOK2_1_HOK1_0_JRD",NA,"Fresh_Leaves","HOK2",NA,"HOK2_1",458,".mzML","JRD_HFA_MSM_6.mzML.Peak.area"
"322","JRD_CGM_365.mzML","JRD_CGM_365","ELK7_m","Day_NA","SAMPLE_POWDER_METAB","ELK",NA,"ELK7",459,".mzML","JRD_CGM_365.mzML.Peak.area"
"323","JRD_HFA_MSM_76.mzML","JRD_HFA_MSM_76","SEK1_5_HOK2_10_JRD","Day_10","RTE_Decomp","SEK1","HOK2","SEK1_5",460,".mzML","JRD_HFA_MSM_76.mzML.Peak.area"
"324","JRD_HFA_MSM_80.mzML","JRD_HFA_MSM_80","SEK2_1_HOK2_10_JRD","Day_10","RTE_Decomp","SEK2","HOK2","SEK2_1",461,".mzML","JRD_HFA_MSM_80.mzML.Peak.area"
"325","JRD_HFA_MSM_12.mzML","JRD_HFA_MSM_12","SEK1_2_HOK1_0_JRD",NA,"Fresh_Leaves","SEK1",NA,"SEK1_2",462,".mzML","JRD_HFA_MSM_12.mzML.Peak.area"
"326","JRD_HFA_MSM_320.mzML","JRD_HFA_MSM_320","SEK2_2_SEK2_5_JRD","Day_5","RTE_Decomp","SEK2","SEK2","SEK2_2",463,".mzML","JRD_HFA_MSM_320.mzML.Peak.area"
"327","JRD_HFA_MSM_279.mzML","JRD_HFA_MSM_279","HOK2_2_HOK1_5_JRD","Day_5","RTE_Decomp","HOK2","HOK1","HOK2_2",464,".mzML","JRD_HFA_MSM_279.mzML.Peak.area"
"328","JRD_HFA_MSM_308.mzML","JRD_HFA_MSM_308","SEK1_4_SEK2_5_JRD","Day_5","RTE_Decomp","SEK1","SEK2","SEK1_4",469,".mzML","JRD_HFA_MSM_308.mzML.Peak.area"
"329","JRD_HFA_MSM_130.mzML","JRD_HFA_MSM_130","HOK2_3_SEK2_15_JRD","Day_15","RTE_Decomp","HOK2","SEK2","HOK2_3",470,".mzML","JRD_HFA_MSM_130.mzML.Peak.area"
"330","JRD_HFA_MSM_215.mzML","JRD_HFA_MSM_215","SEK1_1_HOK1_20_JRD","Day_20","RTE_Decomp","SEK1","HOK1","SEK1_1",471,".mzML","JRD_HFA_MSM_215.mzML.Peak.area"
"331","JRD_HFA_MSM_103.mzML","JRD_HFA_MSM_103","HOK1_2_HOK1_15_JRD","Day_15","RTE_Decomp","HOK1","HOK1","HOK1_2",472,".mzML","JRD_HFA_MSM_103.mzML.Peak.area"
"332","JRD_HFA_MSM_74.mzML","JRD_HFA_MSM_74","SEK1_4_SEK2_10_JRD","Day_10","RTE_Decomp","SEK1","SEK2","SEK1_4",473,".mzML","JRD_HFA_MSM_74.mzML.Peak.area"
"333","JRD_HFA_MSM_205.mzML","JRD_HFA_MSM_205","HOK2_3_HOK1_20_JRD","Day_20","RTE_Decomp","HOK2","HOK1","HOK2_3",474,".mzML","JRD_HFA_MSM_205.mzML.Peak.area"
"334","JRD_HFA_MSM_171.mzML","JRD_HFA_MSM_171","SEK2_4_SEK1_15_JRD","Day_15","RTE_Decomp","SEK2","SEK1","SEK2_4",475,".mzML","JRD_HFA_MSM_171.mzML.Peak.area"
"335","JRD_HFA_MSM_261.mzML","JRD_HFA_MSM_261","HOK1_2_SEK1_5_JRD","Day_5","RTE_Decomp","HOK1","SEK1","HOK1_2",476,".mzML","JRD_HFA_MSM_261.mzML.Peak.area"
"336","JRD_CGM_367.mzML","JRD_CGM_367","ELK9_m","Day_NA","SAMPLE_POWDER_METAB","ELK",NA,"ELK9",477,".mzML","JRD_CGM_367.mzML.Peak.area"
"337","JRD_HFA_MSM_121.mzML","JRD_HFA_MSM_121","HOK2_1_SEK1_15_JRD","Day_15","RTE_Decomp","HOK2","SEK1","HOK2_1",478,".mzML","JRD_HFA_MSM_121.mzML.Peak.area"
"338","JRD_HFA_MSM_200.mzML","JRD_HFA_MSM_200","HOK2_1_SEK2_20_JRD","Day_20","RTE_Decomp","HOK2","SEK2","HOK2_1",483,".mzML","JRD_HFA_MSM_200.mzML.Peak.area"
"339","JRD_HFA_MSM_248.mzML","JRD_HFA_MSM_248","SEK2_4_HOK2_20_JRD","Day_20","RTE_Decomp","SEK2","HOK2","SEK2_4",484,".mzML","JRD_HFA_MSM_248.mzML.Peak.area"
"340","JRD_HFA_MSM_285.mzML","JRD_HFA_MSM_285","HOK2_3_SEK1_5_JRD","Day_5","RTE_Decomp","HOK2","SEK1","HOK2_3",485,".mzML","JRD_HFA_MSM_285.mzML.Peak.area"
"341","JRD_HFA_MSM_259.mzML","JRD_HFA_MSM_259","HOK1_2_HOK1_5_JRD","Day_5","RTE_Decomp","HOK1","HOK1","HOK1_2",486,".mzML","JRD_HFA_MSM_259.mzML.Peak.area"
"342","JRD_HFA_MSM_346.mzML","JRD_HFA_MSM_346","HOK1_4_m","Day_NA","SAMPLE_POWDER_METAB","HOK1",NA,"HOK1_4",487,".mzML","JRD_HFA_MSM_346.mzML.Peak.area"
"343","JRD_HFA_MSM_223.mzML","JRD_HFA_MSM_223","SEK1_3_HOK1_20_JRD","Day_20","RTE_Decomp","SEK1","HOK1","SEK1_3",488,".mzML","JRD_HFA_MSM_223.mzML.Peak.area"
"344","JRD_HFA_MSM_157.mzML","JRD_HFA_MSM_157","SEK2_1_HOK1_15_JRD","Day_15","RTE_Decomp","SEK2","HOK1","SEK2_1",489,".mzML","JRD_HFA_MSM_157.mzML.Peak.area"
"345","JRD_HFA_MSM_249.mzML","JRD_HFA_MSM_249","SEK2_4_SEK1_20_JRD","Day_20","RTE_Decomp","SEK2","SEK1","SEK2_4",490,".mzML","JRD_HFA_MSM_249.mzML.Peak.area"
"346","JRD_HFA_MSM_203.mzML","JRD_HFA_MSM_203","HOK2_2_SEK1_20_JRD","Day_20","RTE_Decomp","HOK2","SEK1","HOK2_2",491,".mzML","JRD_HFA_MSM_203.mzML.Peak.area"
"347","JRD_HFA_MSM_8.mzML","JRD_HFA_MSM_8","HOK2_3_HOK1_0_JRD",NA,"Fresh_Leaves","HOK2",NA,"HOK2_3",492,".mzML","JRD_HFA_MSM_8.mzML.Peak.area"
"348","JRD_HFA_MSM_142.mzML","JRD_HFA_MSM_142","SEK1_2_HOK2_15_JRD","Day_15","RTE_Decomp","SEK1","HOK2","SEK1_2",497,".mzML","JRD_HFA_MSM_142.mzML.Peak.area"
"349","JRD_HFA_MSM_30.mzML","JRD_HFA_MSM_30","HOK1_3_HOK2_10_JRD","Day_10","RTE_Decomp","HOK1","HOK2","HOK1_3",498,".mzML","JRD_HFA_MSM_30.mzML.Peak.area"
"350","JRD_HFA_MSM_265.mzML","JRD_HFA_MSM_265","HOK1_3_SEK1_5_JRD","Day_5","RTE_Decomp","HOK1","SEK1","HOK1_3",499,".mzML","JRD_HFA_MSM_265.mzML.Peak.area"
"351","JRD_HFA_MSM_335.mzML","JRD_HFA_MSM_335","SEK1_3_m","Day_NA","SAMPLE_POWDER_METAB","SEK1",NA,"SEK1_3",500,".mzML","JRD_HFA_MSM_335.mzML.Peak.area"
"352","JRD_HFA_MSM_271.mzML","JRD_HFA_MSM_271","HOK1_5_HOK1_5_JRD","Day_5","RTE_Decomp","HOK1","HOK1","HOK1_5",501,".mzML","JRD_HFA_MSM_271.mzML.Peak.area"
"353","JRD_HFA_MSM_347.mzML","JRD_HFA_MSM_347","HOK1_5_m","Day_NA","SAMPLE_POWDER_METAB","HOK1",NA,"HOK1_5",502,".mzML","JRD_HFA_MSM_347.mzML.Peak.area"
"354","JRD_HFA_MSM_299.mzML","JRD_HFA_MSM_299","SEK1_2_SEK1_5_JRD","Day_5","RTE_Decomp","SEK1","SEK1","SEK1_2",503,".mzML","JRD_HFA_MSM_299.mzML.Peak.area"
"355","JRD_HFA_MSM_85.mzML","JRD_HFA_MSM_85","SEK2_2_SEK1_10_JRD","Day_10","RTE_Decomp","SEK2","SEK1","SEK2_2",504,".mzML","JRD_HFA_MSM_85.mzML.Peak.area"
"356","JRD_HFA_MSM_307.mzML","JRD_HFA_MSM_307","SEK1_4_SEK1_5_JRD","Day_5","RTE_Decomp","SEK1","SEK1","SEK1_4",505,".mzML","JRD_HFA_MSM_307.mzML.Peak.area"
"357","JRD_HFA_MSM_152.mzML","JRD_HFA_MSM_152","SEK1_4_SEK2_15_JRD","Day_15","RTE_Decomp","SEK1","SEK2","SEK1_4",506,".mzML","JRD_HFA_MSM_152.mzML.Peak.area"
"358","JRD_HFA_MSM_274.mzML","JRD_HFA_MSM_274","HOK1_5_SEK2_5_JRD","Day_5","RTE_Decomp","HOK1","SEK2","HOK1_5",511,".mzML","JRD_HFA_MSM_274.mzML.Peak.area"
"359","JRD_HFA_MSM_181.mzML","JRD_HFA_MSM_181","HOK1_2_HOK1_20_JRD","Day_20","RTE_Decomp","HOK1","HOK1","HOK1_2",512,".mzML","JRD_HFA_MSM_181.mzML.Peak.area"
"360","JRD_HFA_MSM_312.mzML","JRD_HFA_MSM_312","SEK1_5_SEK2_5_JRD","Day_5","RTE_Decomp","SEK1","SEK2","SEK1_5",513,".mzML","JRD_HFA_MSM_312.mzML.Peak.area"
"361","JRD_HFA_MSM_219.mzML","JRD_HFA_MSM_219","SEK1_2_HOK1_20_JRD","Day_20","RTE_Decomp","SEK1","HOK1","SEK1_2",514,".mzML","JRD_HFA_MSM_219.mzML.Peak.area"
"362","JRD_HFA_MSM_148.mzML","JRD_HFA_MSM_148","SEK1_3_SEK2_15_JRD","Day_15","RTE_Decomp","SEK1","SEK2","SEK1_3",515,".mzML","JRD_HFA_MSM_148.mzML.Peak.area"
"363","JRD_HFA_MSM_282.mzML","JRD_HFA_MSM_282","HOK2_2_SEK2_5_JRD","Day_5","RTE_Decomp","HOK2","SEK2","HOK2_2",516,".mzML","JRD_HFA_MSM_282.mzML.Peak.area"
"364","JRD_HFA_MSM_83.mzML","JRD_HFA_MSM_83","SEK2_2_HOK1_10_JRD","Day_10","RTE_Decomp","SEK2","HOK1","SEK2_2",517,".mzML","JRD_HFA_MSM_83.mzML.Peak.area"
"365","JRD_HFA_MSM_73.mzML","JRD_HFA_MSM_73","SEK1_4_SEK1_10_JRD","Day_10","RTE_Decomp","SEK1","SEK1","SEK1_4",518,".mzML","JRD_HFA_MSM_73.mzML.Peak.area"
