"","V1","V2"
"1","JRD_CGM_354","2215318"
"2","JRD_CGM_355","2455487.8"
"3","JRD_CGM_356","2322409"
"4","JRD_CGM_357","2551284"
"5","JRD_CGM_358","2559461.8"
"6","JRD_CGM_359","1948027.9"
"7","JRD_CGM_360","2643583"
"8","JRD_CGM_361","1838865.2"
"9","JRD_CGM_362","2207392"
"10","JRD_CGM_363","1879324.4"
"11","JRD_CGM_364","2999858.5"
"12","JRD_CGM_365","4416563"
"13","JRD_CGM_366","2875977.2"
"14","JRD_CGM_367","3356736.8"
"15","JRD_CGM_368","2078058"
"16","JRD_HFA_MSM_1","0"
"17","JRD_HFA_MSM_10","2508382.2"
"18","JRD_HFA_MSM_100","2275555"
"19","JRD_HFA_MSM_102","2370820.8"
"20","JRD_HFA_MSM_103","2209454.8"
"21","JRD_HFA_MSM_104","2119348.2"
"22","JRD_HFA_MSM_105","1983649.1"
"23","JRD_HFA_MSM_106","2423099.5"
"24","JRD_HFA_MSM_107","2117317.2"
"25","JRD_HFA_MSM_108","1720306.8"
"26","JRD_HFA_MSM_109","1574042.6"
"27","JRD_HFA_MSM_11","2427800"
"28","JRD_HFA_MSM_110","2599061"
"29","JRD_HFA_MSM_111","1901200.8"
"30","JRD_HFA_MSM_112","1518669.8"
"31","JRD_HFA_MSM_113","2378507.5"
"32","JRD_HFA_MSM_114","1635785.5"
"33","JRD_HFA_MSM_115","2022031.4"
"34","JRD_HFA_MSM_116","2645412.2"
"35","JRD_HFA_MSM_117","2642575"
"36","JRD_HFA_MSM_118","1828311.6"
"37","JRD_HFA_MSM_119","1438378.1"
"38","JRD_HFA_MSM_12","2597828.2"
"39","JRD_HFA_MSM_120","2384072.5"
"40","JRD_HFA_MSM_121","2227835.8"
"41","JRD_HFA_MSM_122","1989339.2"
"42","JRD_HFA_MSM_123","1843126.5"
"43","JRD_HFA_MSM_124","2545024"
"44","JRD_HFA_MSM_125","1951394.4"
"45","JRD_HFA_MSM_126","1897098.8"
"46","JRD_HFA_MSM_127","1959557.4"
"47","JRD_HFA_MSM_128","2472881.2"
"48","JRD_HFA_MSM_129","1717403.5"
"49","JRD_HFA_MSM_13","2632610.2"
"50","JRD_HFA_MSM_130","2228651.5"
"51","JRD_HFA_MSM_131","2452684.8"
"52","JRD_HFA_MSM_132","2236601.2"
"53","JRD_HFA_MSM_133","1765545.6"
"54","JRD_HFA_MSM_134","2415700.8"
"55","JRD_HFA_MSM_135","1872512"
"56","JRD_HFA_MSM_136","1964547.9"
"57","JRD_HFA_MSM_137","2728031.5"
"58","JRD_HFA_MSM_138","1509309.1"
"59","JRD_HFA_MSM_139","1444783.1"
"60","JRD_HFA_MSM_14","2101100.5"
"61","JRD_HFA_MSM_140","2190088"
"62","JRD_HFA_MSM_141","2110489"
"63","JRD_HFA_MSM_142","2237838.2"
"64","JRD_HFA_MSM_143","2327054.5"
"65","JRD_HFA_MSM_144","1779989.2"
"66","JRD_HFA_MSM_145","1821094"
"67","JRD_HFA_MSM_146","2049671.2"
"68","JRD_HFA_MSM_147","1902658.2"
"69","JRD_HFA_MSM_148","2569063"
"70","JRD_HFA_MSM_149","1457444.2"
"71","JRD_HFA_MSM_15","2395681.5"
"72","JRD_HFA_MSM_150","2330562.8"
"73","JRD_HFA_MSM_151","1943446.8"
"74","JRD_HFA_MSM_152","2241405.5"
"75","JRD_HFA_MSM_153","2476219"
"76","JRD_HFA_MSM_154","2372891.5"
"77","JRD_HFA_MSM_155","2023976.5"
"78","JRD_HFA_MSM_156","2360447.5"
"79","JRD_HFA_MSM_157","2333690"
"80","JRD_HFA_MSM_158","2416887.5"
"81","JRD_HFA_MSM_159","1998396.2"
"82","JRD_HFA_MSM_16","2195745.2"
"83","JRD_HFA_MSM_160","2428360.2"
"84","JRD_HFA_MSM_161","1937200.2"
"85","JRD_HFA_MSM_162","2254497.5"
"86","JRD_HFA_MSM_163","1909040.6"
"87","JRD_HFA_MSM_164","2389812.2"
"88","JRD_HFA_MSM_165","2050831.4"
"89","JRD_HFA_MSM_166","1615523.4"
"90","JRD_HFA_MSM_167","1975199.2"
"91","JRD_HFA_MSM_168","2314005.5"
"92","JRD_HFA_MSM_169","2368507.5"
"93","JRD_HFA_MSM_17","2353026"
"94","JRD_HFA_MSM_170","2111118.5"
"95","JRD_HFA_MSM_171","2205511"
"96","JRD_HFA_MSM_172","2556209.8"
"97","JRD_HFA_MSM_173","1924427"
"98","JRD_HFA_MSM_174","2329224.2"
"99","JRD_HFA_MSM_175","2068828.4"
"100","JRD_HFA_MSM_176","2290476.5"
"101","JRD_HFA_MSM_177","1984418.5"
"102","JRD_HFA_MSM_178","1897285.5"
"103","JRD_HFA_MSM_179","2115920"
"104","JRD_HFA_MSM_18","2304105.5"
"105","JRD_HFA_MSM_180","2599516.5"
"106","JRD_HFA_MSM_181","2232642"
"107","JRD_HFA_MSM_182","2096716.5"
"108","JRD_HFA_MSM_183","1903161.1"
"109","JRD_HFA_MSM_184","2201471.8"
"110","JRD_HFA_MSM_185","1959223.2"
"111","JRD_HFA_MSM_186","1787512.9"
"112","JRD_HFA_MSM_187","2557721"
"113","JRD_HFA_MSM_188","2572940"
"114","JRD_HFA_MSM_189","1983498.9"
"115","JRD_HFA_MSM_19","2269502"
"116","JRD_HFA_MSM_190","1555177"
"117","JRD_HFA_MSM_191","2535041.8"
"118","JRD_HFA_MSM_192","1930174.8"
"119","JRD_HFA_MSM_193","2358878.8"
"120","JRD_HFA_MSM_194","1839127"
"121","JRD_HFA_MSM_195","1908017.6"
"122","JRD_HFA_MSM_196","1657675.9"
"123","JRD_HFA_MSM_197","2185884"
"124","JRD_HFA_MSM_198","1951188.8"
"125","JRD_HFA_MSM_199","1969514"
"126","JRD_HFA_MSM_2","1956796.5"
"127","JRD_HFA_MSM_20","2052416.8"
"128","JRD_HFA_MSM_200","2210314.5"
"129","JRD_HFA_MSM_201","1791263.6"
"130","JRD_HFA_MSM_202","1785358.9"
"131","JRD_HFA_MSM_203","2278056.2"
"132","JRD_HFA_MSM_204","1368934.4"
"133","JRD_HFA_MSM_205","2288358"
"134","JRD_HFA_MSM_206","2209667.8"
"135","JRD_HFA_MSM_207","1956501.2"
"136","JRD_HFA_MSM_208","1880896"
"137","JRD_HFA_MSM_209","2387195.5"
"138","JRD_HFA_MSM_21","1916071"
"139","JRD_HFA_MSM_210","1664332"
"140","JRD_HFA_MSM_211","1876381"
"141","JRD_HFA_MSM_212","1937291.2"
"142","JRD_HFA_MSM_213","1909873.4"
"143","JRD_HFA_MSM_214","2070834.1"
"144","JRD_HFA_MSM_215","2214165.8"
"145","JRD_HFA_MSM_216","1984734.4"
"146","JRD_HFA_MSM_217","2667002"
"147","JRD_HFA_MSM_218","1901480.4"
"148","JRD_HFA_MSM_219","1490009.9"
"149","JRD_HFA_MSM_22","1914632"
"150","JRD_HFA_MSM_220","2449416.2"
"151","JRD_HFA_MSM_221","2045550.6"
"152","JRD_HFA_MSM_222","2042704.8"
"153","JRD_HFA_MSM_223","2084169.9"
"154","JRD_HFA_MSM_224","2293174.2"
"155","JRD_HFA_MSM_225","2260224.5"
"156","JRD_HFA_MSM_226","1958440.5"
"157","JRD_HFA_MSM_227","2191974.8"
"158","JRD_HFA_MSM_228","1662039.6"
"159","JRD_HFA_MSM_229","2046673.1"
"160","JRD_HFA_MSM_23","2525554.5"
"161","JRD_HFA_MSM_230","1947104"
"162","JRD_HFA_MSM_231","1811898.2"
"163","JRD_HFA_MSM_232","2395112.5"
"164","JRD_HFA_MSM_233","2257179.5"
"165","JRD_HFA_MSM_234","2351202.5"
"166","JRD_HFA_MSM_235","1966390"
"167","JRD_HFA_MSM_236","2512898.2"
"168","JRD_HFA_MSM_237","2093879.4"
"169","JRD_HFA_MSM_238","2259084"
"170","JRD_HFA_MSM_239","1600412.5"
"171","JRD_HFA_MSM_24","2011550.6"
"172","JRD_HFA_MSM_240","2470436"
"173","JRD_HFA_MSM_241","2621490.5"
"174","JRD_HFA_MSM_242","2391785.8"
"175","JRD_HFA_MSM_243","2464602.8"
"176","JRD_HFA_MSM_244","2136849.2"
"177","JRD_HFA_MSM_245","2025464"
"178","JRD_HFA_MSM_246","2094866.6"
"179","JRD_HFA_MSM_247","2692170.2"
"180","JRD_HFA_MSM_248","2918248.2"
"181","JRD_HFA_MSM_249","3951526"
"182","JRD_HFA_MSM_25","2232623.2"
"183","JRD_HFA_MSM_250","2453862.8"
"184","JRD_HFA_MSM_251","2133504"
"185","JRD_HFA_MSM_252","1873790.5"
"186","JRD_HFA_MSM_253","2431851.2"
"187","JRD_HFA_MSM_254","2263570.8"
"188","JRD_HFA_MSM_255","1713801.4"
"189","JRD_HFA_MSM_256","2055934.1"
"190","JRD_HFA_MSM_257","2322037.5"
"191","JRD_HFA_MSM_258","1729052.8"
"192","JRD_HFA_MSM_259","2698240.2"
"193","JRD_HFA_MSM_26","2353015.5"
"194","JRD_HFA_MSM_260","2166007.5"
"195","JRD_HFA_MSM_261","2638170.5"
"196","JRD_HFA_MSM_262","2278586.2"
"197","JRD_HFA_MSM_263","2597532.2"
"198","JRD_HFA_MSM_264","2152976.2"
"199","JRD_HFA_MSM_265","3581567.2"
"200","JRD_HFA_MSM_266","2169588.2"
"201","JRD_HFA_MSM_267","2447299.8"
"202","JRD_HFA_MSM_268","2433531.2"
"203","JRD_HFA_MSM_269","1710660.6"
"204","JRD_HFA_MSM_27","2025029.8"
"205","JRD_HFA_MSM_270","2211891.2"
"206","JRD_HFA_MSM_271","2199227.8"
"207","JRD_HFA_MSM_272","1849964"
"208","JRD_HFA_MSM_273","3075597.8"
"209","JRD_HFA_MSM_274","3730960.5"
"210","JRD_HFA_MSM_275","1977379.6"
"211","JRD_HFA_MSM_276","2499185.2"
"212","JRD_HFA_MSM_277","2243165"
"213","JRD_HFA_MSM_278","2058387.1"
"214","JRD_HFA_MSM_279","2341730.8"
"215","JRD_HFA_MSM_28","2351986"
"216","JRD_HFA_MSM_280","2175125.8"
"217","JRD_HFA_MSM_281","2378795.2"
"218","JRD_HFA_MSM_282","2895418.5"
"219","JRD_HFA_MSM_283","2559274"
"220","JRD_HFA_MSM_284","2520750.5"
"221","JRD_HFA_MSM_285","2285386.2"
"222","JRD_HFA_MSM_286","1788250.1"
"223","JRD_HFA_MSM_287","1580723"
"224","JRD_HFA_MSM_288","2083673"
"225","JRD_HFA_MSM_289","2279753.2"
"226","JRD_HFA_MSM_29","1926194"
"227","JRD_HFA_MSM_290","2263470.5"
"228","JRD_HFA_MSM_291","2553686"
"229","JRD_HFA_MSM_292","2316576.2"
"230","JRD_HFA_MSM_293","2203040.5"
"231","JRD_HFA_MSM_294","2454762.8"
"232","JRD_HFA_MSM_295","1706315.6"
"233","JRD_HFA_MSM_296","2192674"
"234","JRD_HFA_MSM_297","2391509.2"
"235","JRD_HFA_MSM_298","2000576.2"
"236","JRD_HFA_MSM_299","2485839.5"
"237","JRD_HFA_MSM_3","1630230.4"
"238","JRD_HFA_MSM_30","2457897.2"
"239","JRD_HFA_MSM_300","2152050.2"
"240","JRD_HFA_MSM_301","2106927.2"
"241","JRD_HFA_MSM_302","2227621.5"
"242","JRD_HFA_MSM_303","2041298.1"
"243","JRD_HFA_MSM_304","2586775.2"
"244","JRD_HFA_MSM_305","1846546.2"
"245","JRD_HFA_MSM_306","2237400.8"
"246","JRD_HFA_MSM_307","2525197.5"
"247","JRD_HFA_MSM_308","2654368.2"
"248","JRD_HFA_MSM_309","1921938"
"249","JRD_HFA_MSM_31","2293048"
"250","JRD_HFA_MSM_310","2216067.8"
"251","JRD_HFA_MSM_311","1722130"
"252","JRD_HFA_MSM_312","1764626"
"253","JRD_HFA_MSM_313","1780466.5"
"254","JRD_HFA_MSM_314","1992393.1"
"255","JRD_HFA_MSM_315","2027837.1"
"256","JRD_HFA_MSM_316","1848209.8"
"257","JRD_HFA_MSM_317","1941082.4"
"258","JRD_HFA_MSM_318","1996940"
"259","JRD_HFA_MSM_319","2284244.8"
"260","JRD_HFA_MSM_32","2083238.4"
"261","JRD_HFA_MSM_320","2368403"
"262","JRD_HFA_MSM_321","1978522.9"
"263","JRD_HFA_MSM_322","2189239"
"264","JRD_HFA_MSM_323","2509384.8"
"265","JRD_HFA_MSM_324","2321306.8"
"266","JRD_HFA_MSM_325","1724872.4"
"267","JRD_HFA_MSM_326","2168979.8"
"268","JRD_HFA_MSM_327","2316662.5"
"269","JRD_HFA_MSM_328","1885627.1"
"270","JRD_HFA_MSM_329","2264782.5"
"271","JRD_HFA_MSM_33","2209277.5"
"272","JRD_HFA_MSM_331","1947507.5"
"273","JRD_HFA_MSM_332","2085447.4"
"274","JRD_HFA_MSM_333","2524772"
"275","JRD_HFA_MSM_335","2954934.2"
"276","JRD_HFA_MSM_336","2534305.5"
"277","JRD_HFA_MSM_337","2353261.2"
"278","JRD_HFA_MSM_338","2290937.5"
"279","JRD_HFA_MSM_339","2552440"
"280","JRD_HFA_MSM_34","1680299.6"
"281","JRD_HFA_MSM_340","2337832.5"
"282","JRD_HFA_MSM_341","3215776.5"
"283","JRD_HFA_MSM_342","2711301.8"
"284","JRD_HFA_MSM_343","2684692.5"
"285","JRD_HFA_MSM_344","1753567"
"286","JRD_HFA_MSM_345","2458623.2"
"287","JRD_HFA_MSM_346","2757629"
"288","JRD_HFA_MSM_347","2543584"
"289","JRD_HFA_MSM_348","2335896"
"290","JRD_HFA_MSM_349","2399802.2"
"291","JRD_HFA_MSM_35","1962277.8"
"292","JRD_HFA_MSM_350","2607882.2"
"293","JRD_HFA_MSM_351","2509188"
"294","JRD_HFA_MSM_352","2315691.5"
"295","JRD_HFA_MSM_353","2135614"
"296","JRD_HFA_MSM_36","1587306.9"
"297","JRD_HFA_MSM_37","2076921.1"
"298","JRD_HFA_MSM_38","1805974.8"
"299","JRD_HFA_MSM_39","1710952.9"
"300","JRD_HFA_MSM_4","2479240.5"
"301","JRD_HFA_MSM_40","2282386"
"302","JRD_HFA_MSM_41","2388911.5"
"303","JRD_HFA_MSM_42","1702903.8"
"304","JRD_HFA_MSM_43","2028900.1"
"305","JRD_HFA_MSM_44","2070993.9"
"306","JRD_HFA_MSM_45","2192443.2"
"307","JRD_HFA_MSM_46","2377291"
"308","JRD_HFA_MSM_47","1840669.5"
"309","JRD_HFA_MSM_48","2043491.9"
"310","JRD_HFA_MSM_49","2003301.8"
"311","JRD_HFA_MSM_5","2553353.8"
"312","JRD_HFA_MSM_50","2196898.5"
"313","JRD_HFA_MSM_51","1730767.6"
"314","JRD_HFA_MSM_52","1982685.4"
"315","JRD_HFA_MSM_53","1828011.8"
"316","JRD_HFA_MSM_54","1906685.8"
"317","JRD_HFA_MSM_55","2032045.2"
"318","JRD_HFA_MSM_56","2317449.8"
"319","JRD_HFA_MSM_57","2048515.8"
"320","JRD_HFA_MSM_58","2232749.2"
"321","JRD_HFA_MSM_59","1980145.5"
"322","JRD_HFA_MSM_6","2441456"
"323","JRD_HFA_MSM_60","1978563.9"
"324","JRD_HFA_MSM_61","2156856.5"
"325","JRD_HFA_MSM_62","1740153.4"
"326","JRD_HFA_MSM_63","1836218.9"
"327","JRD_HFA_MSM_64","2317946"
"328","JRD_HFA_MSM_65","2354874.5"
"329","JRD_HFA_MSM_66","2502854.8"
"330","JRD_HFA_MSM_67","2548009.5"
"331","JRD_HFA_MSM_68","1785235.9"
"332","JRD_HFA_MSM_69","2285240"
"333","JRD_HFA_MSM_7","1850499.4"
"334","JRD_HFA_MSM_70","2588046"
"335","JRD_HFA_MSM_71","1723365.6"
"336","JRD_HFA_MSM_72","2238021.2"
"337","JRD_HFA_MSM_73","2191635.8"
"338","JRD_HFA_MSM_74","2104030.5"
"339","JRD_HFA_MSM_75","1593316.8"
"340","JRD_HFA_MSM_76","2149518.2"
"341","JRD_HFA_MSM_77","2606244.5"
"342","JRD_HFA_MSM_78","1781052.2"
"343","JRD_HFA_MSM_79","2117853.8"
"344","JRD_HFA_MSM_8","2515264.5"
"345","JRD_HFA_MSM_80","2209409.8"
"346","JRD_HFA_MSM_81","1998821.1"
"347","JRD_HFA_MSM_82","2631330.8"
"348","JRD_HFA_MSM_83","2220419.8"
"349","JRD_HFA_MSM_84","1673142.1"
"350","JRD_HFA_MSM_85","2564447.5"
"351","JRD_HFA_MSM_86","2236605.8"
"352","JRD_HFA_MSM_87","2181283.2"
"353","JRD_HFA_MSM_88","1800822.9"
"354","JRD_HFA_MSM_89","2645652"
"355","JRD_HFA_MSM_9","2190977.2"
"356","JRD_HFA_MSM_90","3318783.2"
"357","JRD_HFA_MSM_91","2492271.5"
"358","JRD_HFA_MSM_92","1798800.9"
"359","JRD_HFA_MSM_93","2414213.8"
"360","JRD_HFA_MSM_94","2423203.2"
"361","JRD_HFA_MSM_95","2047584.8"
"362","JRD_HFA_MSM_96","1869056.9"
"363","JRD_HFA_MSM_97","1892665.5"
"364","JRD_HFA_MSM_98","1846589.6"
"365","JRD_HFA_MSM_99","2587381.8"
